stateid,timeid,cases
AP,1,0.0
AP,2,0.0
AP,3,0.0
AP,4,0.0
AP,5,0.0
AP,6,0.0
AP,7,0.0
AP,8,0.0
AP,9,0.0
AP,10,0.0
AP,11,0.0
AP,12,1332.0
AP,13,1525.0
AP,14,418.0
AP,15,378.0
AP,16,314.0
AP,17,302.0
AP,18,343.0
AP,19,202.0
AP,20,380.0
AP,21,537.0
AP,22,492.0
AP,23,644.0
AP,24,847.0
AP,25,1000.0
AP,26,1429.0
AP,27,2032.0
AP,28,2751.0
AP,29,3473.0
AP,30,4507.0
AP,31,5048.0
AP,32,6758.0
AP,33,9281.0
AP,34,13004.0
AP,35,17292.0
AP,36,29243.0
AP,37,44062.0
AP,38,55677.0
AP,39,61538.0
AP,40,66071.0
AP,41,66831.0
AP,42,67685.0
AP,43,64777.0
AP,44,61857.0
AP,45,63399.0
AP,46,66466.0
AP,47,68948.0
AP,48,73062.0
AP,49,73167.0
AP,50,71981.0
AP,51,70256.0
AP,52,65248.0
AP,53,60189.0
AP,54,53770.0
AP,55,50975.0
AP,56,46954.0
AP,57,44263.0
AP,58,40943.0
AP,59,37503.0
AP,60,33038.0
AP,61,28629.0
AP,62,25834.0
AP,63,24880.0
AP,64,21475.0
AP,65,19322.0
AP,66,18434.0
AP,67,17382.0
AP,68,14769.0
AP,69,12225.0
AP,70,9418.0
AP,71,8137.0
AP,72,7279.0
AP,73,5971.0
AP,74,4738.0
AP,75,4242.0
AP,76,4045.0
AP,77,3720.0
AP,78,3357.0
AP,79,3260.0
AP,80,2904.0
AP,81,2427.0
AP,82,2230.0
AP,83,2138.0
AP,84,1928.0
AP,85,1839.0
AP,86,1561.0
AP,87,1135.0
AP,88,981.0
AP,89,1028.0
AP,90,931.0
AP,91,868.0
AP,92,750.0
AP,93,630.0
AP,94,506.0
AP,95,464.0
AP,96,405.0
AP,97,396.0
AP,98,493.0
AP,99,589.0
AP,100,712.0
AP,101,757.0
AP,102,789.0
AP,103,1007.0
AP,104,1518.0
AP,105,1803.0
AP,106,2599.0
AP,107,4444.0
AP,108,6868.0
AP,109,8136.0
AP,110,11285.0
AP,111,15960.0
AP,112,23775.0
AP,113,33549.0
AP,114,49654.0
AP,115,65471.0
AP,116,82841.0
AP,117,100176.0
AP,118,136688.0
AP,119,144337.0
AP,120,138154.0
AP,121,145881.0
AP,122,154146.0
AP,123,150740.0
AP,124,128858.0
AP,125,109682.0
AP,126,89766.0
AP,127,77621.0
AP,128,62617.0
AP,129,53711.0
AP,130,46978.0
AP,131,41843.0
AP,132,35285.0
AP,133,30705.0
AP,134,27477.0
AP,135,24126.0
AP,136,21718.0
AP,137,20430.0
AP,138,18348.0
AP,139,16944.0
AP,140,17170.0
AP,141,15391.0
AP,142,13193.0
AP,143,13662.0
AP,144,14054.0
AP,145,14083.0
AP,146,13055.0
AP,147,11933.0
AP,148,5140.0
AR,1,0.0
AR,2,0.0
AR,3,0.0
AR,4,0.0
AR,5,0.0
AR,6,0.0
AR,7,0.0
AR,8,0.0
AR,9,0.0
AR,10,0.0
AR,11,0.0
AR,12,1.0
AR,13,1.0
AR,14,0.0
AR,15,0.0
AR,16,0.0
AR,17,0.0
AR,18,0.0
AR,19,0.0
AR,20,1.0
AR,21,3.0
AR,22,34.0
AR,23,43.0
AR,24,24.0
AR,25,43.0
AR,26,47.0
AR,27,49.0
AR,28,57.0
AR,29,42.0
AR,30,35.0
AR,31,82.0
AR,32,93.0
AR,33,83.0
AR,34,205.0
AR,35,310.0
AR,36,458.0
AR,37,476.0
AR,38,461.0
AR,39,548.0
AR,40,445.0
AR,41,443.0
AR,42,575.0
AR,43,541.0
AR,44,520.0
AR,45,565.0
AR,46,605.0
AR,47,654.0
AR,48,805.0
AR,49,1037.0
AR,50,1185.0
AR,51,1047.0
AR,52,1149.0
AR,53,1328.0
AR,54,1478.0
AR,55,1619.0
AR,56,1663.0
AR,57,1552.0
AR,58,1475.0
AR,59,1581.0
AR,60,1501.0
AR,61,1350.0
AR,62,1144.0
AR,63,863.0
AR,64,668.0
AR,65,641.0
AR,66,580.0
AR,67,537.0
AR,68,497.0
AR,69,403.0
AR,70,288.0
AR,71,245.0
AR,72,229.0
AR,73,225.0
AR,74,146.0
AR,75,122.0
AR,76,141.0
AR,77,122.0
AR,78,115.0
AR,79,125.0
AR,80,95.0
AR,81,58.0
AR,82,42.0
AR,83,40.0
AR,84,42.0
AR,85,40.0
AR,86,30.0
AR,87,41.0
AR,88,32.0
AR,89,10.0
AR,90,9.0
AR,91,10.0
AR,92,5.0
AR,93,2.0
AR,94,2.0
AR,95,2.0
AR,96,2.0
AR,97,4.0
AR,98,3.0
AR,99,0.0
AR,100,2.0
AR,101,3.0
AR,102,2.0
AR,103,1.0
AR,104,1.0
AR,105,2.0
AR,106,1.0
AR,107,3.0
AR,108,3.0
AR,109,4.0
AR,110,16.0
AR,111,29.0
AR,112,51.0
AR,113,89.0
AR,114,274.0
AR,115,579.0
AR,116,876.0
AR,117,1090.0
AR,118,1350.0
AR,119,1411.0
AR,120,1443.0
AR,121,1576.0
AR,122,1945.0
AR,123,2245.0
AR,124,2577.0
AR,125,2911.0
AR,126,2642.0
AR,127,2335.0
AR,128,2229.0
AR,129,2035.0
AR,130,1941.0
AR,131,1775.0
AR,132,1728.0
AR,133,1844.0
AR,134,1941.0
AR,135,2170.0
AR,136,2426.0
AR,137,2626.0
AR,138,2996.0
AR,139,3001.0
AR,140,2943.0
AR,141,3139.0
AR,142,2920.0
AR,143,2426.0
AR,144,2068.0
AR,145,1794.0
AR,146,1590.0
AR,147,1384.0
AR,148,507.0
AS,1,0.0
AS,2,0.0
AS,3,0.0
AS,4,0.0
AS,5,0.0
AS,6,0.0
AS,7,0.0
AS,8,0.0
AS,9,0.0
AS,10,0.0
AS,11,0.0
AS,12,0.0
AS,13,0.0
AS,14,0.0
AS,15,0.0
AS,16,0.0
AS,17,0.0
AS,18,0.0
AS,19,0.0
AS,20,0.0
AS,21,0.0
AS,22,0.0
AS,23,0.0
AS,24,0.0
AS,25,0.0
AS,26,0.0
AS,27,0.0
AS,28,0.0
AS,29,0.0
AS,30,0.0
AS,31,0.0
AS,32,0.0
AS,33,0.0
AS,34,0.0
AS,35,0.0
AS,36,0.0
AS,37,0.0
AS,38,0.0
AS,39,0.0
AS,40,0.0
AS,41,0.0
AS,42,0.0
AS,43,0.0
AS,44,0.0
AS,45,0.0
AS,46,0.0
AS,47,0.0
AS,48,0.0
AS,49,0.0
AS,50,0.0
AS,51,0.0
AS,52,0.0
AS,53,0.0
AS,54,0.0
AS,55,0.0
AS,56,0.0
AS,57,0.0
AS,58,0.0
AS,59,0.0
AS,60,0.0
AS,61,0.0
AS,62,0.0
AS,63,0.0
AS,64,0.0
AS,65,0.0
AS,66,0.0
AS,67,0.0
AS,68,0.0
AS,69,0.0
AS,70,0.0
AS,71,0.0
AS,72,0.0
AS,73,0.0
AS,74,0.0
AS,75,0.0
AS,76,0.0
AS,77,0.0
AS,78,0.0
AS,79,0.0
AS,80,0.0
AS,81,0.0
AS,82,0.0
AS,83,0.0
AS,84,0.0
AS,85,0.0
AS,86,0.0
AS,87,0.0
AS,88,0.0
AS,89,0.0
AS,90,0.0
AS,91,0.0
AS,92,0.0
AS,93,0.0
AS,94,0.0
AS,95,0.0
AS,96,0.0
AS,97,0.0
AS,98,0.0
AS,99,0.0
AS,100,0.0
AS,101,0.0
AS,102,0.0
AS,103,0.0
AS,104,0.0
AS,105,0.0
AS,106,0.0
AS,107,0.0
AS,108,0.0
AS,109,0.0
AS,110,0.0
AS,111,0.0
AS,112,0.0
AS,113,0.0
AS,114,0.0
AS,115,0.0
AS,116,0.0
AS,117,0.0
AS,118,0.0
AS,119,0.0
AS,120,0.0
AS,121,0.0
AS,122,0.0
AS,123,0.0
AS,124,0.0
AS,125,0.0
AS,126,0.0
AS,127,0.0
AS,128,0.0
AS,129,0.0
AS,130,0.0
AS,131,0.0
AS,132,0.0
AS,133,0.0
AS,134,0.0
AS,135,0.0
AS,136,0.0
AS,137,0.0
AS,138,0.0
AS,139,0.0
AS,140,0.0
AS,141,0.0
AS,142,0.0
AS,143,0.0
AS,144,0.0
AS,145,0.0
AS,146,0.0
AS,147,0.0
AS,148,0.0
BR,1,0.0
BR,2,0.0
BR,3,0.0
BR,4,0.0
BR,5,0.0
BR,6,0.0
BR,7,0.0
BR,8,0.0
BR,9,0.0
BR,10,0.0
BR,11,0.0
BR,12,403.0
BR,13,481.0
BR,14,139.0
BR,15,130.0
BR,16,411.0
BR,17,567.0
BR,18,627.0
BR,19,1222.0
BR,20,1465.0
BR,21,1174.0
BR,22,1300.0
BR,23,1276.0
BR,24,1382.0
BR,25,1468.0
BR,26,1244.0
BR,27,1216.0
BR,28,1333.0
BR,29,1477.0
BR,30,1931.0
BR,31,2477.0
BR,32,3070.0
BR,33,3582.0
BR,34,6899.0
BR,35,9928.0
BR,36,9893.0
BR,37,11347.0
BR,38,15853.0
BR,39,18194.0
BR,40,18813.0
BR,41,21278.0
BR,42,25821.0
BR,43,26120.0
BR,44,22206.0
BR,45,18003.0
BR,46,14231.0
BR,47,13026.0
BR,48,13244.0
BR,49,12926.0
BR,50,11958.0
BR,51,11005.0
BR,52,10464.0
BR,53,10145.0
BR,54,10431.0
BR,55,10368.0
BR,56,9843.0
BR,57,9335.0
BR,58,8521.0
BR,59,8276.0
BR,60,8122.0
BR,61,8094.0
BR,62,8689.0
BR,63,8383.0
BR,64,5925.0
BR,65,5321.0
BR,66,5342.0
BR,67,5047.0
BR,68,5472.0
BR,69,4858.0
BR,70,3703.0
BR,71,3578.0
BR,72,3780.0
BR,73,4306.0
BR,74,4318.0
BR,75,3988.0
BR,76,4161.0
BR,77,4207.0
BR,78,3871.0
BR,79,3897.0
BR,80,3858.0
BR,81,3805.0
BR,82,3732.0
BR,83,3202.0
BR,84,2697.0
BR,85,2767.0
BR,86,2532.0
BR,87,2109.0
BR,88,1652.0
BR,89,1238.0
BR,90,944.0
BR,91,837.0
BR,92,779.0
BR,93,643.0
BR,94,507.0
BR,95,444.0
BR,96,368.0
BR,97,376.0
BR,98,478.0
BR,99,443.0
BR,100,271.0
BR,101,219.0
BR,102,236.0
BR,103,247.0
BR,104,294.0
BR,105,468.0
BR,106,782.0
BR,107,1161.0
BR,108,1587.0
BR,109,2909.0
BR,110,6392.0
BR,111,11960.0
BR,112,23252.0
BR,113,35954.0
BR,114,59110.0
BR,115,75374.0
BR,116,87094.0
BR,117,93305.0
BR,118,97302.0
BR,119,96111.0
BR,120,83756.0
BR,121,64798.0
BR,122,47741.0
BR,123,40559.0
BR,124,28155.0
BR,125,18599.0
BR,126,10764.0
BR,127,8024.0
BR,128,6086.0
BR,129,4531.0
BR,130,3140.0
BR,131,2672.0
BR,132,2186.0
BR,133,1714.0
BR,134,1409.0
BR,135,1304.0
BR,136,936.0
BR,137,729.0
BR,138,720.0
BR,139,717.0
BR,140,599.0
BR,141,526.0
BR,142,504.0
BR,143,445.0
BR,144,350.0
BR,145,323.0
BR,146,303.0
BR,147,297.0
BR,148,129.0
CH,1,0.0
CH,2,0.0
CH,3,0.0
CH,4,0.0
CH,5,0.0
CH,6,0.0
CH,7,0.0
CH,8,0.0
CH,9,0.0
CH,10,0.0
CH,11,0.0
CH,12,68.0
CH,13,94.0
CH,14,56.0
CH,15,75.0
CH,16,67.0
CH,17,22.0
CH,18,11.0
CH,19,34.0
CH,20,77.0
CH,21,64.0
CH,22,22.0
CH,23,23.0
CH,24,27.0
CH,25,38.0
CH,26,42.0
CH,27,54.0
CH,28,50.0
CH,29,24.0
CH,30,26.0
CH,31,31.0
CH,32,61.0
CH,33,90.0
CH,34,112.0
CH,35,142.0
CH,36,161.0
CH,37,161.0
CH,38,198.0
CH,39,227.0
CH,40,292.0
CH,41,347.0
CH,42,481.0
CH,43,583.0
CH,44,645.0
CH,45,767.0
CH,46,980.0
CH,47,1209.0
CH,48,1413.0
CH,49,1517.0
CH,50,1915.0
CH,51,2040.0
CH,52,2254.0
CH,53,2254.0
CH,54,1768.0
CH,55,1584.0
CH,56,1212.0
CH,57,980.0
CH,58,882.0
CH,59,721.0
CH,60,583.0
CH,61,501.0
CH,62,394.0
CH,63,395.0
CH,64,415.0
CH,65,441.0
CH,66,490.0
CH,67,607.0
CH,68,732.0
CH,69,611.0
CH,70,733.0
CH,71,955.0
CH,72,768.0
CH,73,655.0
CH,74,707.0
CH,75,680.0
CH,76,680.0
CH,77,646.0
CH,78,521.0
CH,79,472.0
CH,80,423.0
CH,81,379.0
CH,82,416.0
CH,83,442.0
CH,84,422.0
CH,85,386.0
CH,86,311.0
CH,87,252.0
CH,88,208.0
CH,89,183.0
CH,90,196.0
CH,91,213.0
CH,92,196.0
CH,93,161.0
CH,94,156.0
CH,95,160.0
CH,96,151.0
CH,97,177.0
CH,98,219.0
CH,99,322.0
CH,100,421.0
CH,101,519.0
CH,102,627.0
CH,103,738.0
CH,104,1003.0
CH,105,1244.0
CH,106,1538.0
CH,107,1678.0
CH,108,1869.0
CH,109,1955.0
CH,110,2198.0
CH,111,2488.0
CH,112,2788.0
CH,113,2968.0
CH,114,3785.0
CH,115,4634.0
CH,116,5352.0
CH,117,5503.0
CH,118,5671.0
CH,119,5866.0
CH,120,5840.0
CH,121,5391.0
CH,122,4294.0
CH,123,3426.0
CH,124,2289.0
CH,125,1611.0
CH,126,1072.0
CH,127,845.0
CH,128,574.0
CH,129,471.0
CH,130,379.0
CH,131,347.0
CH,132,279.0
CH,133,201.0
CH,134,150.0
CH,135,114.0
CH,136,110.0
CH,137,105.0
CH,138,71.0
CH,139,47.0
CH,140,63.0
CH,141,52.0
CH,142,29.0
CH,143,31.0
CH,144,22.0
CH,145,21.0
CH,146,32.0
CH,147,54.0
CH,148,31.0
CT,1,0.0
CT,2,0.0
CT,3,0.0
CT,4,0.0
CT,5,0.0
CT,6,0.0
CT,7,0.0
CT,8,0.0
CT,9,0.0
CT,10,0.0
CT,11,0.0
CT,12,38.0
CT,13,43.0
CT,14,21.0
CT,15,16.0
CT,16,0.0
CT,17,8.0
CT,18,51.0
CT,19,149.0
CT,20,257.0
CT,21,234.0
CT,22,263.0
CT,23,479.0
CT,24,637.0
CT,25,626.0
CT,26,607.0
CT,27,596.0
CT,28,562.0
CT,29,476.0
CT,30,524.0
CT,31,561.0
CT,32,595.0
CT,33,736.0
CT,34,1031.0
CT,35,1350.0
CT,36,1441.0
CT,37,1936.0
CT,38,2601.0
CT,39,2244.0
CT,40,1902.0
CT,41,2427.0
CT,42,3043.0
CT,43,3177.0
CT,44,4024.0
CT,45,5167.0
CT,46,6952.0
CT,47,8516.0
CT,48,11111.0
CT,49,14381.0
CT,50,17203.0
CT,51,18557.0
CT,52,21007.0
CT,53,22453.0
CT,54,19372.0
CT,55,18215.0
CT,56,20243.0
CT,57,18928.0
CT,58,18118.0
CT,59,18840.0
CT,60,18990.0
CT,61,18282.0
CT,62,16932.0
CT,63,16064.0
CT,64,13913.0
CT,65,12654.0
CT,66,12892.0
CT,67,12259.0
CT,68,11387.0
CT,69,10414.0
CT,70,9457.0
CT,71,11647.0
CT,72,13756.0
CT,73,13008.0
CT,74,11643.0
CT,75,10838.0
CT,76,10228.0
CT,77,10155.0
CT,78,10762.0
CT,79,10488.0
CT,80,9275.0
CT,81,8044.0
CT,82,7346.0
CT,83,7325.0
CT,84,7040.0
CT,85,6913.0
CT,86,5891.0
CT,87,4600.0
CT,88,3459.0
CT,89,3145.0
CT,90,2919.0
CT,91,12207.0
CT,92,11932.0
CT,93,2235.0
CT,94,1846.0
CT,95,1588.0
CT,96,1713.0
CT,97,1801.0
CT,98,1745.0
CT,99,1686.0
CT,100,1619.0
CT,101,1679.0
CT,102,2186.0
CT,103,2754.0
CT,104,4227.0
CT,105,6296.0
CT,106,9974.0
CT,107,14781.0
CT,108,19488.0
CT,109,25850.0
CT,110,47384.0
CT,111,68966.0
CT,112,89628.0
CT,113,99678.0
CT,114,102539.0
CT,115,107156.0
CT,116,109037.0
CT,117,104875.0
CT,118,104722.0
CT,119,97733.0
CT,120,80548.0
CT,121,65211.0
CT,122,47980.0
CT,123,38095.0
CT,124,28323.0
CT,125,21942.0
CT,126,15591.0
CT,127,11925.0
CT,128,8773.0
CT,129,6921.0
CT,130,4820.0
CT,131,3816.0
CT,132,3320.0
CT,133,2704.0
CT,134,2396.0
CT,135,2440.0
CT,136,2202.0
CT,137,2289.0
CT,138,2123.0
CT,139,1898.0
CT,140,1725.0
CT,141,1347.0
CT,142,1098.0
CT,143,964.0
CT,144,1067.0
CT,145,1053.0
CT,146,703.0
CT,147,619.0
CT,148,258.0
DL,1,0.0
DL,2,0.0
DL,3,0.0
DL,4,0.0
DL,5,0.0
DL,6,0.0
DL,7,0.0
DL,8,0.0
DL,9,0.0
DL,10,0.0
DL,11,0.0
DL,12,3439.0
DL,13,4122.0
DL,14,2093.0
DL,15,2420.0
DL,16,2466.0
DL,17,2791.0
DL,18,3090.0
DL,19,3577.0
DL,20,4169.0
DL,21,5639.0
DL,22,8388.0
DL,23,9105.0
DL,24,9165.0
DL,25,11304.0
DL,26,14292.0
DL,27,17788.0
DL,28,23288.0
DL,29,23442.0
DL,30,19412.0
DL,31,17012.0
DL,32,15062.0
DL,33,13721.0
DL,34,12129.0
DL,35,10661.0
DL,36,9330.0
DL,37,7949.0
DL,38,6987.0
DL,39,7185.0
DL,40,6922.0
DL,41,7411.0
DL,42,8272.0
DL,43,7801.0
DL,44,7635.0
DL,45,8088.0
DL,46,9625.0
DL,47,11350.0
DL,48,13805.0
DL,49,16827.0
DL,50,21605.0
DL,51,25876.0
DL,52,29095.0
DL,53,28830.0
DL,54,26520.0
DL,55,24923.0
DL,56,22926.0
DL,57,20108.0
DL,58,18392.0
DL,59,18629.0
DL,60,19441.0
DL,61,21159.0
DL,62,22888.0
DL,63,24802.0
DL,64,29578.0
DL,65,34186.0
DL,66,39924.0
DL,67,44078.0
DL,68,50037.0
DL,69,51386.0
DL,70,43109.0
DL,71,40947.0
DL,72,42703.0
DL,73,38625.0
DL,74,32537.0
DL,75,27802.0
DL,76,21251.0
DL,77,15926.0
DL,78,12419.0
DL,79,10444.0
DL,80,7624.0
DL,81,6180.0
DL,82,5177.0
DL,83,4354.0
DL,84,3557.0
DL,85,3353.0
DL,86,2897.0
DL,87,2382.0
DL,88,1800.0
DL,89,1556.0
DL,90,1276.0
DL,91,1217.0
DL,92,1156.0
DL,93,960.0
DL,94,906.0
DL,95,880.0
DL,96,928.0
DL,97,959.0
DL,98,1058.0
DL,99,1337.0
DL,100,1548.0
DL,101,1723.0
DL,102,2109.0
DL,103,2474.0
DL,104,2995.0
DL,105,3872.0
DL,106,6202.0
DL,107,8673.0
DL,108,11203.0
DL,109,16547.0
DL,110,28138.0
DL,111,42042.0
DL,112,76870.0
DL,113,113575.0
DL,114,162741.0
DL,115,176784.0
DL,116,167872.0
DL,117,169770.0
DL,118,155851.0
DL,119,135679.0
DL,120,108084.0
DL,121,77180.0
DL,122,44733.0
DL,123,27808.0
DL,124,14758.0
DL,125,9427.0
DL,126,5962.0
DL,127,4217.0
DL,128,2689.0
DL,129,2021.0
DL,130,1582.0
DL,131,1284.0
DL,132,1656.0
DL,133,1507.0
DL,134,822.0
DL,135,785.0
DL,136,592.0
DL,137,570.0
DL,138,501.0
DL,139,448.0
DL,140,390.0
DL,141,366.0
DL,142,422.0
DL,143,421.0
DL,144,425.0
DL,145,430.0
DL,146,371.0
DL,147,343.0
DL,148,149.0
DN,1,0.0
DN,2,0.0
DN,3,0.0
DN,4,0.0
DN,5,0.0
DN,6,0.0
DN,7,0.0
DN,8,0.0
DN,9,0.0
DN,10,0.0
DN,11,0.0
DN,12,0.0
DN,13,0.0
DN,14,1.0
DN,15,1.0
DN,16,0.0
DN,17,0.0
DN,18,0.0
DN,19,1.0
DN,20,1.0
DN,21,0.0
DN,22,9.0
DN,23,17.0
DN,24,18.0
DN,25,16.0
DN,26,28.0
DN,27,57.0
DN,28,77.0
DN,29,92.0
DN,30,95.0
DN,31,157.0
DN,32,213.0
DN,33,143.0
DN,34,116.0
DN,35,169.0
DN,36,217.0
DN,37,248.0
DN,38,293.0
DN,39,293.0
DN,40,304.0
DN,41,316.0
DN,42,323.0
DN,43,336.0
DN,44,301.0
DN,45,277.0
DN,46,224.0
DN,47,185.0
DN,48,215.0
DN,49,229.0
DN,50,208.0
DN,51,188.0
DN,52,167.0
DN,53,162.0
DN,54,152.0
DN,55,109.0
DN,56,78.0
DN,57,74.0
DN,58,80.0
DN,59,82.0
DN,60,51.0
DN,61,28.0
DN,62,36.0
DN,63,43.0
DN,64,28.0
DN,65,26.0
DN,66,24.0
DN,67,20.0
DN,68,11.0
DN,69,11.0
DN,70,30.0
DN,71,32.0
DN,72,22.0
DN,73,13.0
DN,74,11.0
DN,75,10.0
DN,76,15.0
DN,77,14.0
DN,78,2.0
DN,79,4.0
DN,80,4.0
DN,81,7.0
DN,82,8.0
DN,83,5.0
DN,84,4.0
DN,85,2.0
DN,86,4.0
DN,87,7.0
DN,88,7.0
DN,89,4.0
DN,90,3.0
DN,91,3.0
DN,92,1.0
DN,93,0.0
DN,94,0.0
DN,95,2.0
DN,96,4.0
DN,97,2.0
DN,98,2.0
DN,99,4.0
DN,100,4.0
DN,101,4.0
DN,102,19.0
DN,103,25.0
DN,104,18.0
DN,105,36.0
DN,106,58.0
DN,107,101.0
DN,108,143.0
DN,109,127.0
DN,110,145.0
DN,111,309.0
DN,112,632.0
DN,113,774.0
DN,114,1253.0
DN,115,1740.0
DN,116,1595.0
DN,117,1369.0
DN,118,1262.0
DN,119,1063.0
DN,120,817.0
DN,121,630.0
DN,122,423.0
DN,123,290.0
DN,124,195.0
DN,125,347.0
DN,126,378.0
DN,127,213.0
DN,128,114.0
DN,129,49.0
DN,130,42.0
DN,131,49.0
DN,132,42.0
DN,133,22.0
DN,134,37.0
DN,135,34.0
DN,136,18.0
DN,137,17.0
DN,138,13.0
DN,139,11.0
DN,140,29.0
DN,141,42.0
DN,142,22.0
DN,143,13.0
DN,144,10.0
DN,145,2.0
DN,146,2.0
DN,147,3.0
DN,148,1.0
GJ,1,0.0
GJ,2,0.0
GJ,3,0.0
GJ,4,0.0
GJ,5,0.0
GJ,6,0.0
GJ,7,0.0
GJ,8,0.0
GJ,9,0.0
GJ,10,0.0
GJ,11,0.0
GJ,12,4082.0
GJ,13,5058.0
GJ,14,2547.0
GJ,15,2742.0
GJ,16,2642.0
GJ,17,3192.0
GJ,18,3270.0
GJ,19,2676.0
GJ,20,2658.0
GJ,21,2686.0
GJ,22,2912.0
GJ,23,3249.0
GJ,24,3421.0
GJ,25,3449.0
GJ,26,3575.0
GJ,27,3642.0
GJ,28,3864.0
GJ,29,4043.0
GJ,30,4289.0
GJ,31,4603.0
GJ,32,5101.0
GJ,33,5633.0
GJ,34,6233.0
GJ,35,6449.0
GJ,36,6837.0
GJ,37,7236.0
GJ,38,7624.0
GJ,39,7837.0
GJ,40,7635.0
GJ,41,7399.0
GJ,42,7608.0
GJ,43,7668.0
GJ,44,7669.0
GJ,45,7986.0
GJ,46,8042.0
GJ,47,8205.0
GJ,48,8911.0
GJ,49,9123.0
GJ,50,9245.0
GJ,51,9330.0
GJ,52,9414.0
GJ,53,9594.0
GJ,54,9832.0
GJ,55,9878.0
GJ,56,9853.0
GJ,57,9590.0
GJ,58,9279.0
GJ,59,9017.0
GJ,60,8425.0
GJ,61,8220.0
GJ,62,7887.0
GJ,63,7619.0
GJ,64,7068.0
GJ,65,6690.0
GJ,66,6555.0
GJ,67,6735.0
GJ,68,7236.0
GJ,69,7561.0
GJ,70,7798.0
GJ,71,8677.0
GJ,72,10307.0
GJ,73,10797.0
GJ,74,10820.0
GJ,75,10619.0
GJ,76,10042.0
GJ,77,9175.0
GJ,78,8262.0
GJ,79,7781.0
GJ,80,7132.0
GJ,81,6706.0
GJ,82,6053.0
GJ,83,5518.0
GJ,84,4988.0
GJ,85,4760.0
GJ,86,4498.0
GJ,87,4081.0
GJ,88,3598.0
GJ,89,3333.0
GJ,90,2878.0
GJ,91,2537.0
GJ,92,2186.0
GJ,93,1976.0
GJ,94,1759.0
GJ,95,1797.0
GJ,96,1869.0
GJ,97,1824.0
GJ,98,2113.0
GJ,99,2661.0
GJ,100,3098.0
GJ,101,3329.0
GJ,102,3952.0
GJ,103,4586.0
GJ,104,5976.0
GJ,105,8032.0
GJ,106,10996.0
GJ,107,13167.0
GJ,108,15529.0
GJ,109,16967.0
GJ,110,20755.0
GJ,111,26463.0
GJ,112,39163.0
GJ,113,52203.0
GJ,114,73115.0
GJ,115,87508.0
GJ,116,98114.0
GJ,117,99887.0
GJ,118,94819.0
GJ,119,88541.0
GJ,120,81184.0
GJ,121,74481.0
GJ,122,56836.0
GJ,123,40267.0
GJ,124,26550.0
GJ,125,20941.0
GJ,126,14066.0
GJ,127,9769.0
GJ,128,6288.0
GJ,129,4480.0
GJ,130,3025.0
GJ,131,2283.0
GJ,132,1382.0
GJ,133,983.0
GJ,134,765.0
GJ,135,631.0
GJ,136,506.0
GJ,137,437.0
GJ,138,317.0
GJ,139,260.0
GJ,140,228.0
GJ,141,223.0
GJ,142,228.0
GJ,143,194.0
GJ,144,152.0
GJ,145,143.0
GJ,146,147.0
GJ,147,146.0
GJ,148,65.0
HP,1,0.0
HP,2,0.0
HP,3,0.0
HP,4,0.0
HP,5,0.0
HP,6,0.0
HP,7,0.0
HP,8,0.0
HP,9,0.0
HP,10,0.0
HP,11,0.0
HP,12,40.0
HP,13,40.0
HP,14,3.0
HP,15,12.0
HP,16,25.0
HP,17,26.0
HP,18,42.0
HP,19,107.0
HP,20,163.0
HP,21,128.0
HP,22,86.0
HP,23,87.0
HP,24,92.0
HP,25,102.0
HP,26,134.0
HP,27,154.0
HP,28,221.0
HP,29,238.0
HP,30,173.0
HP,31,152.0
HP,32,122.0
HP,33,136.0
HP,34,240.0
HP,35,275.0
HP,36,384.0
HP,37,592.0
HP,38,678.0
HP,39,585.0
HP,40,513.0
HP,41,630.0
HP,42,720.0
HP,43,729.0
HP,44,775.0
HP,45,902.0
HP,46,910.0
HP,47,886.0
HP,48,1095.0
HP,49,1237.0
HP,50,1731.0
HP,51,2211.0
HP,52,2648.0
HP,53,2679.0
HP,54,2254.0
HP,55,2088.0
HP,56,1927.0
HP,57,1699.0
HP,58,1589.0
HP,59,1549.0
HP,60,1443.0
HP,61,1553.0
HP,62,1613.0
HP,63,1416.0
HP,64,1528.0
HP,65,1846.0
HP,66,2216.0
HP,67,2753.0
HP,68,4053.0
HP,69,4518.0
HP,70,3983.0
HP,71,4370.0
HP,72,5165.0
HP,73,5277.0
HP,74,5294.0
HP,75,5428.0
HP,76,5070.0
HP,77,4546.0
HP,78,3750.0
HP,79,3059.0
HP,80,2712.0
HP,81,2270.0
HP,82,1722.0
HP,83,1339.0
HP,84,901.0
HP,85,747.0
HP,86,674.0
HP,87,507.0
HP,88,393.0
HP,89,316.0
HP,90,214.0
HP,91,305.0
HP,92,350.0
HP,93,357.0
HP,94,430.0
HP,95,350.0
HP,96,220.0
HP,97,165.0
HP,98,161.0
HP,99,232.0
HP,100,420.0
HP,101,461.0
HP,102,470.0
HP,103,538.0
HP,104,689.0
HP,105,940.0
HP,106,1265.0
HP,107,1846.0
HP,108,2304.0
HP,109,2455.0
HP,110,3285.0
HP,111,4278.0
HP,112,5429.0
HP,113,6471.0
HP,114,8783.0
HP,115,10551.0
HP,116,12787.0
HP,117,15900.0
HP,118,20898.0
HP,119,26292.0
HP,120,30949.0
HP,121,29532.0
HP,122,24338.0
HP,123,19863.0
HP,124,14273.0
HP,125,10879.0
HP,126,7795.0
HP,127,6138.0
HP,128,4763.0
HP,129,3571.0
HP,130,2502.0
HP,131,1969.0
HP,132,1642.0
HP,133,1265.0
HP,134,1074.0
HP,135,1008.0
HP,136,994.0
HP,137,1008.0
HP,138,845.0
HP,139,774.0
HP,140,723.0
HP,141,680.0
HP,142,814.0
HP,143,1010.0
HP,144,1333.0
HP,145,1673.0
HP,146,2158.0
HP,147,2261.0
HP,148,971.0
HR,1,0.0
HR,2,0.0
HR,3,0.0
HR,4,0.0
HR,5,0.0
HR,6,0.0
HR,7,0.0
HR,8,0.0
HR,9,0.0
HR,10,0.0
HR,11,0.0
HR,12,297.0
HR,13,362.0
HR,14,283.0
HR,15,299.0
HR,16,199.0
HR,17,212.0
HR,18,200.0
HR,19,223.0
HR,20,369.0
HR,21,794.0
HR,22,1573.0
HR,23,2029.0
HR,24,2625.0
HR,25,2797.0
HR,26,3253.0
HR,27,3474.0
HR,28,3178.0
HR,29,3204.0
HR,30,2931.0
HR,31,3121.0
HR,32,3749.0
HR,33,4034.0
HR,34,4616.0
HR,35,4965.0
HR,36,4880.0
HR,37,4991.0
HR,38,5445.0
HR,39,5220.0
HR,40,4952.0
HR,41,5120.0
HR,42,5476.0
HR,43,5567.0
HR,44,5906.0
HR,45,6880.0
HR,46,8075.0
HR,47,8697.0
HR,48,10213.0
HR,49,12285.0
HR,50,15135.0
HR,51,16843.0
HR,52,17963.0
HR,53,17837.0
HR,54,15540.0
HR,55,13315.0
HR,56,11743.0
HR,57,10309.0
HR,58,8799.0
HR,59,8514.0
HR,60,8109.0
HR,61,7991.0
HR,62,7860.0
HR,63,7983.0
HR,64,8856.0
HR,65,10146.0
HR,66,11859.0
HR,67,13214.0
HR,68,16241.0
HR,69,17493.0
HR,70,16716.0
HR,71,17104.0
HR,72,17450.0
HR,73,15692.0
HR,74,13115.0
HR,75,11685.0
HR,76,10475.0
HR,77,9004.0
HR,78,6935.0
HR,79,5665.0
HR,80,4212.0
HR,81,3478.0
HR,82,2828.0
HR,83,2305.0
HR,84,1833.0
HR,85,1871.0
HR,86,1729.0
HR,87,1410.0
HR,88,1070.0
HR,89,944.0
HR,90,818.0
HR,91,730.0
HR,92,632.0
HR,93,559.0
HR,94,541.0
HR,95,605.0
HR,96,645.0
HR,97,640.0
HR,98,775.0
HR,99,1001.0
HR,100,1268.0
HR,101,1605.0
HR,102,2081.0
HR,103,2482.0
HR,104,3189.0
HR,105,4264.0
HR,106,5934.0
HR,107,7366.0
HR,108,8231.0
HR,109,9902.0
HR,110,13838.0
HR,111,17212.0
HR,112,25304.0
HR,113,36353.0
HR,114,51305.0
HR,115,63540.0
HR,116,78951.0
HR,117,88232.0
HR,118,98777.0
HR,119,100783.0
HR,120,93767.0
HR,121,82963.0
HR,122,63765.0
HR,123,48316.0
HR,124,31233.0
HR,125,20309.0
HR,126,11299.0
HR,127,7700.0
HR,128,5055.0
HR,129,3885.0
HR,130,2512.0
HR,131,1695.0
HR,132,1294.0
HR,133,1046.0
HR,134,739.0
HR,135,589.0
HR,136,454.0
HR,137,391.0
HR,138,290.0
HR,139,261.0
HR,140,257.0
HR,141,213.0
HR,142,188.0
HR,143,196.0
HR,144,181.0
HR,145,147.0
HR,146,121.0
HR,147,126.0
HR,148,56.0
JH,1,0.0
JH,2,0.0
JH,3,0.0
JH,4,0.0
JH,5,0.0
JH,6,0.0
JH,7,0.0
JH,8,0.0
JH,9,0.0
JH,10,0.0
JH,11,0.0
JH,12,107.0
JH,13,115.0
JH,14,20.0
JH,15,41.0
JH,16,51.0
JH,17,62.0
JH,18,113.0
JH,19,133.0
JH,20,144.0
JH,21,246.0
JH,22,332.0
JH,23,434.0
JH,24,787.0
JH,25,702.0
JH,26,364.0
JH,27,313.0
JH,28,329.0
JH,29,321.0
JH,30,307.0
JH,31,408.0
JH,32,616.0
JH,33,924.0
JH,34,1428.0
JH,35,1722.0
JH,36,2120.0
JH,37,2456.0
JH,38,3212.0
JH,39,4263.0
JH,40,5154.0
JH,41,5364.0
JH,42,5209.0
JH,43,5204.0
JH,44,6043.0
JH,45,6431.0
JH,46,7011.0
JH,47,8009.0
JH,48,11551.0
JH,49,12685.0
JH,50,12035.0
JH,51,10663.0
JH,52,9177.0
JH,53,9400.0
JH,54,9015.0
JH,55,9075.0
JH,56,8562.0
JH,57,7342.0
JH,58,6051.0
JH,59,5674.0
JH,60,4667.0
JH,61,4016.0
JH,62,3697.0
JH,63,3466.0
JH,64,2508.0
JH,65,2333.0
JH,66,2619.0
JH,67,2478.0
JH,68,2036.0
JH,69,1696.0
JH,70,1518.0
JH,71,1397.0
JH,72,1416.0
JH,73,1454.0
JH,74,1380.0
JH,75,1400.0
JH,76,1292.0
JH,77,1180.0
JH,78,1291.0
JH,79,1487.0
JH,80,1488.0
JH,81,1290.0
JH,82,1264.0
JH,83,1249.0
JH,84,1161.0
JH,85,1280.0
JH,86,1206.0
JH,87,927.0
JH,88,772.0
JH,89,633.0
JH,90,483.0
JH,91,419.0
JH,92,344.0
JH,93,328.0
JH,94,322.0
JH,95,304.0
JH,96,279.0
JH,97,284.0
JH,98,281.0
JH,99,340.0
JH,100,349.0
JH,101,312.0
JH,102,368.0
JH,103,350.0
JH,104,417.0
JH,105,611.0
JH,106,842.0
JH,107,1443.0
JH,108,2506.0
JH,109,3837.0
JH,110,6707.0
JH,111,10630.0
JH,112,16884.0
JH,113,21865.0
JH,114,29564.0
JH,115,36891.0
JH,116,44133.0
JH,117,43890.0
JH,118,41626.0
JH,119,42440.0
JH,120,38142.0
JH,121,31007.0
JH,122,21571.0
JH,123,15891.0
JH,124,11207.0
JH,125,7168.0
JH,126,4880.0
JH,127,4685.0
JH,128,3566.0
JH,129,2379.0
JH,130,1502.0
JH,131,1101.0
JH,132,931.0
JH,133,854.0
JH,134,696.0
JH,135,626.0
JH,136,503.0
JH,137,394.0
JH,138,366.0
JH,139,370.0
JH,140,345.0
JH,141,269.0
JH,142,225.0
JH,143,255.0
JH,144,227.0
JH,145,200.0
JH,146,178.0
JH,147,185.0
JH,148,104.0
JK,1,0.0
JK,2,0.0
JK,3,0.0
JK,4,0.0
JK,5,0.0
JK,6,0.0
JK,7,0.0
JK,8,0.0
JK,9,0.0
JK,10,0.0
JK,11,0.0
JK,12,581.0
JK,13,666.0
JK,14,194.0
JK,15,170.0
JK,16,196.0
JK,17,285.0
JK,18,419.0
JK,19,448.0
JK,20,531.0
JK,21,772.0
JK,22,937.0
JK,23,1127.0
JK,24,1650.0
JK,25,1411.0
JK,26,899.0
JK,27,956.0
JK,28,1016.0
JK,29,1133.0
JK,30,1274.0
JK,31,1280.0
JK,32,1568.0
JK,33,1912.0
JK,34,2405.0
JK,35,3042.0
JK,36,4045.0
JK,37,4107.0
JK,38,3708.0
JK,39,3667.0
JK,40,3536.0
JK,41,3418.0
JK,42,3458.0
JK,43,3631.0
JK,44,3622.0
JK,45,3961.0
JK,46,4446.0
JK,47,4412.0
JK,48,4412.0
JK,49,5876.0
JK,50,8678.0
JK,51,10169.0
JK,52,10702.0
JK,53,10123.0
JK,54,9266.0
JK,55,8516.0
JK,56,7560.0
JK,57,7179.0
JK,58,6027.0
JK,59,4836.0
JK,60,4312.0
JK,61,4300.0
JK,62,4173.0
JK,63,3965.0
JK,64,3631.0
JK,65,3456.0
JK,66,3487.0
JK,67,3552.0
JK,68,3651.0
JK,69,3822.0
JK,70,3804.0
JK,71,3825.0
JK,72,3664.0
JK,73,3399.0
JK,74,3311.0
JK,75,3374.0
JK,76,3277.0
JK,77,2869.0
JK,78,2525.0
JK,79,2380.0
JK,80,2121.0
JK,81,1871.0
JK,82,1691.0
JK,83,1594.0
JK,84,1305.0
JK,85,954.0
JK,86,836.0
JK,87,792.0
JK,88,762.0
JK,89,729.0
JK,90,587.0
JK,91,503.0
JK,92,425.0
JK,93,401.0
JK,94,393.0
JK,95,418.0
JK,96,495.0
JK,97,515.0
JK,98,546.0
JK,99,600.0
JK,100,600.0
JK,101,549.0
JK,102,595.0
JK,103,603.0
JK,104,669.0
JK,105,854.0
JK,106,1074.0
JK,107,1295.0
JK,108,1929.0
JK,109,2755.0
JK,110,3867.0
JK,111,5036.0
JK,112,6909.0
JK,113,7691.0
JK,114,10706.0
JK,115,13208.0
JK,116,16635.0
JK,117,21541.0
JK,118,27508.0
JK,119,31827.0
JK,120,32822.0
JK,121,28725.0
JK,122,26481.0
JK,123,26846.0
JK,124,22971.0
JK,125,19371.0
JK,126,15219.0
JK,127,12366.0
JK,128,9671.0
JK,129,7588.0
JK,130,5612.0
JK,131,4571.0
JK,132,3667.0
JK,133,3107.0
JK,134,2634.0
JK,135,2313.0
JK,136,2099.0
JK,137,1840.0
JK,138,1391.0
JK,139,1286.0
JK,140,1104.0
JK,141,736.0
JK,142,770.0
JK,143,971.0
JK,144,988.0
JK,145,966.0
JK,146,871.0
JK,147,897.0
JK,148,440.0
KA,1,0.0
KA,2,0.0
KA,3,0.0
KA,4,0.0
KA,5,0.0
KA,6,0.0
KA,7,0.0
KA,8,0.0
KA,9,0.0
KA,10,0.0
KA,11,0.0
KA,12,515.0
KA,13,581.0
KA,14,158.0
KA,15,193.0
KA,16,264.0
KA,17,296.0
KA,18,503.0
KA,19,867.0
KA,20,956.0
KA,21,963.0
KA,22,1636.0
KA,23,2282.0
KA,24,1978.0
KA,25,1611.0
KA,26,1692.0
KA,27,1871.0
KA,28,2383.0
KA,29,3226.0
KA,30,6396.0
KA,31,9626.0
KA,32,12363.0
KA,33,14667.0
KA,34,18376.0
KA,35,23436.0
KA,36,28580.0
KA,37,31290.0
KA,38,36671.0
KA,39,38345.0
KA,40,38945.0
KA,41,42815.0
KA,42,45045.0
KA,43,47824.0
KA,44,53096.0
KA,45,51950.0
KA,46,50816.0
KA,47,55200.0
KA,48,60935.0
KA,49,62156.0
KA,50,60389.0
KA,51,60319.0
KA,52,63260.0
KA,53,61795.0
KA,54,55857.0
KA,55,54677.0
KA,56,60920.0
KA,57,64493.0
KA,58,66885.0
KA,59,70270.0
KA,60,66719.0
KA,61,57788.0
KA,62,47402.0
KA,63,39804.0
KA,64,30011.0
KA,65,25034.0
KA,66,22989.0
KA,67,20735.0
KA,68,18023.0
KA,69,15935.0
KA,70,12135.0
KA,71,11260.0
KA,72,12124.0
KA,73,11266.0
KA,74,9612.0
KA,75,9077.0
KA,76,8896.0
KA,77,8529.0
KA,78,8102.0
KA,79,8061.0
KA,80,7675.0
KA,81,7070.0
KA,82,6204.0
KA,83,5783.0
KA,84,5593.0
KA,85,5639.0
KA,86,5415.0
KA,87,4485.0
KA,88,4026.0
KA,89,4226.0
KA,90,3805.0
KA,91,3387.0
KA,92,3213.0
KA,93,3166.0
KA,94,3031.0
KA,95,2825.0
KA,96,2827.0
KA,97,2880.0
KA,98,2729.0
KA,99,2994.0
KA,100,3382.0
KA,101,3663.0
KA,102,4236.0
KA,103,4945.0
KA,104,6813.0
KA,105,9149.0
KA,106,12341.0
KA,107,15443.0
KA,108,21049.0
KA,109,26672.0
KA,110,36556.0
KA,111,44438.0
KA,112,61352.0
KA,113,86958.0
KA,114,127290.0
KA,115,162399.0
KA,116,217620.0
KA,117,259735.0
KA,118,301224.0
KA,119,322316.0
KA,120,312145.0
KA,121,285483.0
KA,122,253464.0
KA,123,226994.0
KA,124,193129.0
KA,125,168524.0
KA,126,135338.0
KA,127,115865.0
KA,128,93126.0
KA,129,74010.0
KA,130,56107.0
KA,131,44612.0
KA,132,35110.0
KA,133,29090.0
KA,134,24345.0
KA,135,21053.0
KA,136,18528.0
KA,137,17241.0
KA,138,14249.0
KA,139,12919.0
KA,140,11754.0
KA,141,11317.0
KA,142,10854.0
KA,143,11568.0
KA,144,12532.0
KA,145,11803.0
KA,146,11148.0
KA,147,11106.0
KA,148,5158.0
KL,1,0.0
KL,2,0.0
KL,3,0.0
KL,4,0.0
KL,5,0.0
KL,6,0.0
KL,7,0.0
KL,8,0.0
KL,9,0.0
KL,10,0.0
KL,11,0.0
KL,12,496.0
KL,13,500.0
KL,14,7.0
KL,15,6.0
KL,16,32.0
KL,17,82.0
KL,18,132.0
KL,19,207.0
KL,20,337.0
KL,21,414.0
KL,22,491.0
KL,23,599.0
KL,24,667.0
KL,25,600.0
KL,26,536.0
KL,27,632.0
KL,28,906.0
KL,29,1032.0
KL,30,990.0
KL,31,1133.0
KL,32,1602.0
KL,33,2234.0
KL,34,3358.0
KL,35,4221.0
KL,36,5479.0
KL,37,6439.0
KL,38,6765.0
KL,39,6644.0
KL,40,7354.0
KL,41,8378.0
KL,42,8993.0
KL,43,9765.0
KL,44,12087.0
KL,45,13469.0
KL,46,14124.0
KL,47,15347.0
KL,48,13717.0
KL,49,13058.0
KL,50,17845.0
KL,51,20380.0
KL,52,21946.0
KL,53,25886.0
KL,54,30269.0
KL,55,36914.0
KL,56,47974.0
KL,57,53394.0
KL,58,57299.0
KL,59,58522.0
KL,60,56735.0
KL,61,54373.0
KL,62,51701.0
KL,63,51859.0
KL,64,49623.0
KL,65,47018.0
KL,66,48182.0
KL,67,47564.0
KL,68,43073.0
KL,69,39748.0
KL,70,37200.0
KL,71,37024.0
KL,72,38444.0
KL,73,36516.0
KL,74,36310.0
KL,75,37658.0
KL,76,34898.0
KL,77,33017.0
KL,78,33869.0
KL,79,35526.0
KL,80,38070.0
KL,81,35453.0
KL,82,34208.0
KL,83,35641.0
KL,84,35164.0
KL,85,35351.0
KL,86,34887.0
KL,87,36240.0
KL,88,38426.0
KL,89,41399.0
KL,90,41396.0
KL,91,39670.0
KL,92,39118.0
KL,93,38451.0
KL,94,38665.0
KL,95,37160.0
KL,96,33474.0
KL,97,31064.0
KL,98,28161.0
KL,99,25562.0
KL,100,22035.0
KL,101,19078.0
KL,102,16486.0
KL,103,14251.0
KL,104,12862.0
KL,105,12875.0
KL,106,13516.0
KL,107,13424.0
KL,108,14676.0
KL,109,16654.0
KL,110,20010.0
KL,111,27773.0
KL,112,44581.0
KL,113,60963.0
KL,114,105884.0
KL,115,156019.0
KL,116,200318.0
KL,117,229633.0
KL,118,248555.0
KL,119,260008.0
KL,120,267002.0
KL,121,251436.0
KL,122,222534.0
KL,123,203883.0
KL,124,190920.0
KL,125,172239.0
KL,126,141612.0
KL,127,124025.0
KL,128,108166.0
KL,129,98245.0
KL,130,87308.0
KL,131,81092.0
KL,132,80773.0
KL,133,80242.0
KL,134,81918.0
KL,135,83595.0
KL,136,87528.0
KL,137,91531.0
KL,138,91616.0
KL,139,93865.0
KL,140,101887.0
KL,141,107083.0
KL,142,122104.0
KL,143,136697.0
KL,144,144262.0
KL,145,143157.0
KL,146,138630.0
KL,147,137623.0
KL,148,61348.0
LA,1,0.0
LA,2,0.0
LA,3,0.0
LA,4,0.0
LA,5,0.0
LA,6,0.0
LA,7,0.0
LA,8,0.0
LA,9,0.0
LA,10,0.0
LA,11,0.0
LA,12,22.0
LA,13,23.0
LA,14,20.0
LA,15,19.0
LA,16,1.0
LA,17,1.0
LA,18,1.0
LA,19,6.0
LA,20,10.0
LA,21,28.0
LA,22,36.0
LA,23,22.0
LA,24,25.0
LA,25,338.0
LA,26,572.0
LA,27,399.0
LA,28,245.0
LA,29,124.0
LA,30,58.0
LA,31,45.0
LA,32,57.0
LA,33,72.0
LA,34,95.0
LA,35,82.0
LA,36,64.0
LA,37,117.0
LA,38,141.0
LA,39,186.0
LA,40,245.0
LA,41,177.0
LA,42,219.0
LA,43,270.0
LA,44,237.0
LA,45,301.0
LA,46,403.0
LA,47,393.0
LA,48,334.0
LA,49,393.0
LA,50,357.0
LA,51,298.0
LA,52,393.0
LA,53,414.0
LA,54,398.0
LA,55,385.0
LA,56,336.0
LA,57,384.0
LA,58,533.0
LA,59,582.0
LA,60,502.0
LA,61,475.0
LA,62,477.0
LA,63,379.0
LA,64,304.0
LA,65,357.0
LA,66,468.0
LA,67,520.0
LA,68,581.0
LA,69,566.0
LA,70,489.0
LA,71,510.0
LA,72,496.0
LA,73,462.0
LA,74,504.0
LA,75,512.0
LA,76,422.0
LA,77,298.0
LA,78,193.0
LA,79,132.0
LA,80,71.0
LA,81,124.0
LA,82,138.0
LA,83,156.0
LA,84,142.0
LA,85,58.0
LA,86,50.0
LA,87,41.0
LA,88,29.0
LA,89,26.0
LA,90,20.0
LA,91,44.0
LA,92,47.0
LA,93,25.0
LA,94,27.0
LA,95,21.0
LA,96,20.0
LA,97,21.0
LA,98,25.0
LA,99,32.0
LA,100,14.0
LA,101,12.0
LA,102,17.0
LA,103,17.0
LA,104,27.0
LA,105,59.0
LA,106,77.0
LA,107,68.0
LA,108,215.0
LA,109,252.0
LA,110,255.0
LA,111,539.0
LA,112,866.0
LA,113,1306.0
LA,114,1461.0
LA,115,1166.0
LA,116,1019.0
LA,117,849.0
LA,118,1053.0
LA,119,1093.0
LA,120,996.0
LA,121,1154.0
LA,122,1111.0
LA,123,944.0
LA,124,1127.0
LA,125,1171.0
LA,126,796.0
LA,127,699.0
LA,128,544.0
LA,129,397.0
LA,130,297.0
LA,131,239.0
LA,132,199.0
LA,133,158.0
LA,134,192.0
LA,135,174.0
LA,136,70.0
LA,137,71.0
LA,138,88.0
LA,139,60.0
LA,140,51.0
LA,141,50.0
LA,142,38.0
LA,143,42.0
LA,144,45.0
LA,145,47.0
LA,146,56.0
LA,147,60.0
LA,148,24.0
LD,1,0.0
LD,2,0.0
LD,3,0.0
LD,4,0.0
LD,5,0.0
LD,6,0.0
LD,7,0.0
LD,8,0.0
LD,9,0.0
LD,10,0.0
LD,11,0.0
LD,12,0.0
LD,13,0.0
LD,14,0.0
LD,15,0.0
LD,16,0.0
LD,17,0.0
LD,18,0.0
LD,19,0.0
LD,20,0.0
LD,21,0.0
LD,22,0.0
LD,23,0.0
LD,24,0.0
LD,25,0.0
LD,26,0.0
LD,27,0.0
LD,28,0.0
LD,29,0.0
LD,30,0.0
LD,31,0.0
LD,32,0.0
LD,33,0.0
LD,34,0.0
LD,35,0.0
LD,36,0.0
LD,37,0.0
LD,38,0.0
LD,39,0.0
LD,40,0.0
LD,41,0.0
LD,42,0.0
LD,43,0.0
LD,44,0.0
LD,45,0.0
LD,46,0.0
LD,47,0.0
LD,48,0.0
LD,49,0.0
LD,50,0.0
LD,51,0.0
LD,52,0.0
LD,53,0.0
LD,54,0.0
LD,55,0.0
LD,56,0.0
LD,57,0.0
LD,58,0.0
LD,59,0.0
LD,60,0.0
LD,61,0.0
LD,62,0.0
LD,63,0.0
LD,64,0.0
LD,65,0.0
LD,66,0.0
LD,67,0.0
LD,68,0.0
LD,69,0.0
LD,70,0.0
LD,71,0.0
LD,72,0.0
LD,73,0.0
LD,74,0.0
LD,75,0.0
LD,76,0.0
LD,77,0.0
LD,78,0.0
LD,79,0.0
LD,80,0.0
LD,81,0.0
LD,82,0.0
LD,83,0.0
LD,84,0.0
LD,85,0.0
LD,86,0.0
LD,87,0.0
LD,88,30.0
LD,89,57.0
LD,90,39.0
LD,91,22.0
LD,92,53.0
LD,93,72.0
LD,94,59.0
LD,95,73.0
LD,96,80.0
LD,97,53.0
LD,98,61.0
LD,99,82.0
LD,100,92.0
LD,101,115.0
LD,102,111.0
LD,103,130.0
LD,104,115.0
LD,105,44.0
LD,106,59.0
LD,107,66.0
LD,108,24.0
LD,109,26.0
LD,110,47.0
LD,111,54.0
LD,112,75.0
LD,113,257.0
LD,114,681.0
LD,115,911.0
LD,116,978.0
LD,117,961.0
LD,118,872.0
LD,119,833.0
LD,120,826.0
LD,121,894.0
LD,122,1264.0
LD,123,1768.0
LD,124,1763.0
LD,125,1213.0
LD,126,1106.0
LD,127,1036.0
LD,128,667.0
LD,129,508.0
LD,130,337.0
LD,131,255.0
LD,132,220.0
LD,133,229.0
LD,134,211.0
LD,135,202.0
LD,136,195.0
LD,137,150.0
LD,138,71.0
LD,139,50.0
LD,140,57.0
LD,141,66.0
LD,142,62.0
LD,143,62.0
LD,144,76.0
LD,145,58.0
LD,146,37.0
LD,147,38.0
LD,148,17.0
MH,1,0.0
MH,2,0.0
MH,3,0.0
MH,4,0.0
MH,5,0.0
MH,6,0.0
MH,7,0.0
MH,8,0.0
MH,9,0.0
MH,10,0.0
MH,11,0.0
MH,12,9890.0
MH,13,12269.0
MH,14,6862.0
MH,15,7950.0
MH,16,9155.0
MH,17,10472.0
MH,18,13409.0
MH,19,16518.0
MH,20,17646.0
MH,21,17967.0
MH,22,17905.0
MH,23,17797.0
MH,24,19164.0
MH,25,21585.0
MH,26,22693.0
MH,27,23605.0
MH,28,26127.0
MH,29,30998.0
MH,30,37453.0
MH,31,40930.0
MH,32,43405.0
MH,33,46464.0
MH,34,51854.0
MH,35,54272.0
MH,36,61897.0
MH,37,65359.0
MH,38,62963.0
MH,39,65269.0
MH,40,67527.0
MH,41,71269.0
MH,42,79939.0
MH,43,82452.0
MH,44,81137.0
MH,45,87113.0
MH,46,89970.0
MH,47,92240.0
MH,48,106922.0
MH,49,119452.0
MH,50,141437.0
MH,51,153700.0
MH,52,153677.0
MH,53,150046.0
MH,54,142335.0
MH,55,132913.0
MH,56,120452.0
MH,57,109518.0
MH,58,95934.0
MH,59,86466.0
MH,60,73746.0
MH,61,68694.0
MH,62,63089.0
MH,63,52529.0
MH,64,43013.0
MH,65,39361.0
MH,66,37355.0
MH,67,35799.0
MH,68,33568.0
MH,69,30771.0
MH,70,26022.0
MH,71,29662.0
MH,72,38347.0
MH,73,39964.0
MH,74,37484.0
MH,75,34258.0
MH,76,32481.0
MH,77,29538.0
MH,78,27289.0
MH,79,26761.0
MH,80,25478.0
MH,81,23529.0
MH,82,22232.0
MH,83,22618.0
MH,84,27355.0
MH,85,28107.0
MH,86,23491.0
MH,87,22122.0
MH,88,19948.0
MH,89,18676.0
MH,90,17532.0
MH,91,17460.0
MH,92,17742.0
MH,93,17584.0
MH,94,18987.0
MH,95,19774.0
MH,96,24826.0
MH,97,33727.0
MH,98,45026.0
MH,99,52864.0
MH,100,58066.0
MH,101,61809.0
MH,102,72872.0
MH,103,89207.0
MH,104,118450.0
MH,105,151354.0
MH,106,194374.0
MH,107,224314.0
MH,108,248099.0
MH,109,280105.0
MH,110,360324.0
MH,111,390428.0
MH,112,404899.0
MH,113,426756.0
MH,114,449667.0
MH,115,458129.0
MH,116,445567.0
MH,117,436918.0
MH,118,407148.0
MH,119,387582.0
MH,120,346168.0
MH,121,290727.0
MH,122,240827.0
MH,123,209162.0
MH,124,183370.0
MH,125,159990.0
MH,126,125277.0
MH,127,106009.0
MH,128,87696.0
MH,129,79326.0
MH,130,74350.0
MH,131,68220.0
MH,132,62707.0
MH,133,67201.0
MH,134,67591.0
MH,135,61994.0
MH,136,61489.0
MH,137,60664.0
MH,138,58595.0
MH,139,55926.0
MH,140,56628.0
MH,141,53009.0
MH,142,45159.0
MH,143,51463.0
MH,144,50107.0
MH,145,44630.0
MH,146,42333.0
MH,147,40043.0
MH,148,18861.0
ML,1,0.0
ML,2,0.0
ML,3,0.0
ML,4,0.0
ML,5,0.0
ML,6,0.0
ML,7,0.0
ML,8,0.0
ML,9,0.0
ML,10,0.0
ML,11,0.0
ML,12,12.0
ML,13,12.0
ML,14,0.0
ML,15,1.0
ML,16,1.0
ML,17,0.0
ML,18,1.0
ML,19,1.0
ML,20,6.0
ML,21,13.0
ML,22,13.0
ML,23,6.0
ML,24,10.0
ML,25,10.0
ML,26,0.0
ML,27,0.0
ML,28,2.0
ML,29,4.0
ML,30,9.0
ML,31,22.0
ML,32,45.0
ML,33,107.0
ML,34,77.0
ML,35,228.0
ML,36,326.0
ML,37,229.0
ML,38,288.0
ML,39,229.0
ML,40,157.0
ML,41,169.0
ML,42,240.0
ML,43,269.0
ML,44,356.0
ML,45,519.0
ML,46,531.0
ML,47,488.0
ML,48,468.0
ML,49,634.0
ML,50,680.0
ML,51,699.0
ML,52,998.0
ML,53,944.0
ML,54,803.0
ML,55,690.0
ML,56,682.0
ML,57,1248.0
ML,58,1526.0
ML,59,1107.0
ML,60,846.0
ML,61,861.0
ML,62,630.0
ML,63,481.0
ML,64,608.0
ML,65,569.0
ML,66,574.0
ML,67,595.0
ML,68,568.0
ML,69,588.0
ML,70,503.0
ML,71,636.0
ML,72,643.0
ML,73,435.0
ML,74,442.0
ML,75,461.0
ML,76,557.0
ML,77,579.0
ML,78,561.0
ML,79,478.0
ML,80,256.0
ML,81,151.0
ML,82,81.0
ML,83,77.0
ML,84,118.0
ML,85,148.0
ML,86,147.0
ML,87,101.0
ML,88,48.0
ML,89,34.0
ML,90,24.0
ML,91,34.0
ML,92,34.0
ML,93,86.0
ML,94,151.0
ML,95,92.0
ML,96,21.0
ML,97,15.0
ML,98,13.0
ML,99,10.0
ML,100,9.0
ML,101,7.0
ML,102,17.0
ML,103,24.0
ML,104,19.0
ML,105,20.0
ML,106,17.0
ML,107,19.0
ML,108,47.0
ML,109,76.0
ML,110,75.0
ML,111,140.0
ML,112,346.0
ML,113,553.0
ML,114,823.0
ML,115,990.0
ML,116,1124.0
ML,117,1322.0
ML,118,1853.0
ML,119,2194.0
ML,120,2702.0
ML,121,3461.0
ML,122,4759.0
ML,123,6115.0
ML,124,6551.0
ML,125,5570.0
ML,126,4302.0
ML,127,3782.0
ML,128,3386.0
ML,129,3371.0
ML,130,3271.0
ML,131,3295.0
ML,132,3204.0
ML,133,3089.0
ML,134,3055.0
ML,135,3050.0
ML,136,3199.0
ML,137,3120.0
ML,138,2928.0
ML,139,2845.0
ML,140,3193.0
ML,141,3597.0
ML,142,4181.0
ML,143,4403.0
ML,144,4002.0
ML,145,3631.0
ML,146,3216.0
ML,147,2757.0
ML,148,1156.0
MN,1,0.0
MN,2,0.0
MN,3,0.0
MN,4,0.0
MN,5,0.0
MN,6,0.0
MN,7,0.0
MN,8,0.0
MN,9,0.0
MN,10,0.0
MN,11,0.0
MN,12,0.0
MN,13,0.0
MN,14,0.0
MN,15,0.0
MN,16,0.0
MN,17,0.0
MN,18,0.0
MN,19,0.0
MN,20,0.0
MN,21,0.0
MN,22,0.0
MN,23,0.0
MN,24,0.0
MN,25,0.0
MN,26,0.0
MN,27,0.0
MN,28,0.0
MN,29,0.0
MN,30,0.0
MN,31,0.0
MN,32,0.0
MN,33,0.0
MN,34,0.0
MN,35,0.0
MN,36,0.0
MN,37,0.0
MN,38,0.0
MN,39,0.0
MN,40,0.0
MN,41,0.0
MN,42,0.0
MN,43,0.0
MN,44,0.0
MN,45,0.0
MN,46,0.0
MN,47,0.0
MN,48,0.0
MN,49,0.0
MN,50,0.0
MN,51,0.0
MN,52,0.0
MN,53,0.0
MN,54,0.0
MN,55,0.0
MN,56,0.0
MN,57,0.0
MN,58,0.0
MN,59,0.0
MN,60,0.0
MN,61,0.0
MN,62,0.0
MN,63,0.0
MN,64,0.0
MN,65,0.0
MN,66,0.0
MN,67,0.0
MN,68,0.0
MN,69,0.0
MN,70,0.0
MN,71,0.0
MN,72,0.0
MN,73,0.0
MN,74,0.0
MN,75,0.0
MN,76,0.0
MN,77,0.0
MN,78,0.0
MN,79,0.0
MN,80,0.0
MN,81,0.0
MN,82,0.0
MN,83,0.0
MN,84,0.0
MN,85,0.0
MN,86,0.0
MN,87,0.0
MN,88,0.0
MN,89,0.0
MN,90,0.0
MN,91,0.0
MN,92,0.0
MN,93,0.0
MN,94,0.0
MN,95,0.0
MN,96,0.0
MN,97,0.0
MN,98,0.0
MN,99,0.0
MN,100,0.0
MN,101,0.0
MN,102,0.0
MN,103,0.0
MN,104,0.0
MN,105,0.0
MN,106,0.0
MN,107,0.0
MN,108,0.0
MN,109,0.0
MN,110,0.0
MN,111,0.0
MN,112,0.0
MN,113,0.0
MN,114,0.0
MN,115,0.0
MN,116,0.0
MN,117,0.0
MN,118,0.0
MN,119,0.0
MN,120,0.0
MN,121,0.0
MN,122,0.0
MN,123,0.0
MN,124,0.0
MN,125,0.0
MN,126,0.0
MN,127,0.0
MN,128,0.0
MN,129,0.0
MN,130,0.0
MN,131,0.0
MN,132,0.0
MN,133,0.0
MN,134,0.0
MN,135,0.0
MN,136,0.0
MN,137,0.0
MN,138,0.0
MN,139,0.0
MN,140,0.0
MN,141,0.0
MN,142,0.0
MN,143,0.0
MN,144,0.0
MN,145,0.0
MN,146,0.0
MN,147,0.0
MN,148,0.0
MP,1,0.0
MP,2,0.0
MP,3,0.0
MP,4,0.0
MP,5,0.0
MP,6,0.0
MP,7,0.0
MP,8,0.0
MP,9,0.0
MP,10,0.0
MP,11,0.0
MP,12,2559.0
MP,13,2787.0
MP,14,582.0
MP,15,674.0
MP,16,1036.0
MP,17,1333.0
MP,18,1562.0
MP,19,1584.0
MP,20,1529.0
MP,21,1520.0
MP,22,1327.0
MP,23,1337.0
MP,24,1461.0
MP,25,1413.0
MP,26,1195.0
MP,27,1083.0
MP,28,1204.0
MP,29,1241.0
MP,30,1413.0
MP,31,1639.0
MP,32,2175.0
MP,33,2597.0
MP,34,3607.0
MP,35,4562.0
MP,36,5199.0
MP,37,5163.0
MP,38,5292.0
MP,39,5688.0
MP,40,5600.0
MP,41,5543.0
MP,42,5870.0
MP,43,6276.0
MP,44,6747.0
MP,45,7433.0
MP,46,8533.0
MP,47,9029.0
MP,48,10050.0
MP,49,11005.0
MP,50,12278.0
MP,51,14086.0
MP,52,16323.0
MP,53,17099.0
MP,54,17542.0
MP,55,16834.0
MP,56,14990.0
MP,57,14019.0
MP,58,12260.0
MP,59,11327.0
MP,60,14969.0
MP,61,13913.0
MP,62,8020.0
MP,63,7140.0
MP,64,5975.0
MP,65,5061.0
MP,66,4820.0
MP,67,5109.0
MP,68,5860.0
MP,69,6589.0
MP,70,6704.0
MP,71,8189.0
MP,72,11629.0
MP,73,11985.0
MP,74,10640.0
MP,75,9819.0
MP,76,9650.0
MP,77,9347.0
MP,78,8214.0
MP,79,7826.0
MP,80,7551.0
MP,81,7191.0
MP,82,6616.0
MP,83,5896.0
MP,84,5101.0
MP,85,4675.0
MP,86,3961.0
MP,87,3246.0
MP,88,2457.0
MP,89,2182.0
MP,90,1804.0
MP,91,1481.0
MP,92,1419.0
MP,93,1328.0
MP,94,1210.0
MP,95,1209.0
MP,96,1434.0
MP,97,1705.0
MP,98,1980.0
MP,99,2275.0
MP,100,2537.0
MP,101,2814.0
MP,102,3196.0
MP,103,3637.0
MP,104,4997.0
MP,105,6554.0
MP,106,9249.0
MP,107,12002.0
MP,108,15222.0
MP,109,17266.0
MP,110,22503.0
MP,111,28533.0
MP,112,45338.0
MP,113,63626.0
MP,114,83459.0
MP,115,89871.0
MP,116,91354.0
MP,117,90003.0
MP,118,86820.0
MP,119,85006.0
MP,120,75217.0
MP,121,63567.0
MP,122,47581.0
MP,123,36684.0
MP,124,24095.0
MP,125,16386.0
MP,126,10221.0
MP,127,7112.0
MP,128,4656.0
MP,129,3445.0
MP,130,2054.0
MP,131,1268.0
MP,132,690.0
MP,133,483.0
MP,134,305.0
MP,135,279.0
MP,136,266.0
MP,137,216.0
MP,138,160.0
MP,139,104.0
MP,140,90.0
MP,141,98.0
MP,142,74.0
MP,143,90.0
MP,144,130.0
MP,145,122.0
MP,146,82.0
MP,147,73.0
MP,148,33.0
MZ,1,0.0
MZ,2,0.0
MZ,3,0.0
MZ,4,0.0
MZ,5,0.0
MZ,6,0.0
MZ,7,0.0
MZ,8,0.0
MZ,9,0.0
MZ,10,0.0
MZ,11,0.0
MZ,12,1.0
MZ,13,1.0
MZ,14,0.0
MZ,15,0.0
MZ,16,0.0
MZ,17,0.0
MZ,18,0.0
MZ,19,0.0
MZ,20,0.0
MZ,21,0.0
MZ,22,13.0
MZ,23,23.0
MZ,24,88.0
MZ,25,95.0
MZ,26,28.0
MZ,27,30.0
MZ,28,24.0
MZ,29,10.0
MZ,30,15.0
MZ,31,14.0
MZ,32,43.0
MZ,33,63.0
MZ,34,35.0
MZ,35,57.0
MZ,36,79.0
MZ,37,77.0
MZ,38,78.0
MZ,39,53.0
MZ,40,111.0
MZ,41,154.0
MZ,42,145.0
MZ,43,148.0
MZ,44,212.0
MZ,45,193.0
MZ,46,110.0
MZ,47,100.0
MZ,48,53.0
MZ,49,59.0
MZ,50,173.0
MZ,51,318.0
MZ,52,288.0
MZ,53,169.0
MZ,54,233.0
MZ,55,287.0
MZ,56,273.0
MZ,57,268.0
MZ,58,162.0
MZ,59,59.0
MZ,60,64.0
MZ,61,83.0
MZ,62,98.0
MZ,63,144.0
MZ,64,297.0
MZ,65,333.0
MZ,66,286.0
MZ,67,310.0
MZ,68,324.0
MZ,69,336.0
MZ,70,264.0
MZ,71,239.0
MZ,72,265.0
MZ,73,200.0
MZ,74,125.0
MZ,75,108.0
MZ,76,108.0
MZ,77,121.0
MZ,78,113.0
MZ,79,86.0
MZ,80,61.0
MZ,81,68.0
MZ,82,58.0
MZ,83,41.0
MZ,84,48.0
MZ,85,56.0
MZ,86,57.0
MZ,87,40.0
MZ,88,31.0
MZ,89,35.0
MZ,90,25.0
MZ,91,17.0
MZ,92,17.0
MZ,93,15.0
MZ,94,12.0
MZ,95,11.0
MZ,96,8.0
MZ,97,15.0
MZ,98,17.0
MZ,99,15.0
MZ,100,14.0
MZ,101,6.0
MZ,102,7.0
MZ,103,7.0
MZ,104,8.0
MZ,105,11.0
MZ,106,10.0
MZ,107,17.0
MZ,108,21.0
MZ,109,24.0
MZ,110,35.0
MZ,111,96.0
MZ,112,177.0
MZ,113,226.0
MZ,114,400.0
MZ,115,474.0
MZ,116,656.0
MZ,117,849.0
MZ,118,1053.0
MZ,119,1250.0
MZ,120,1241.0
MZ,121,1117.0
MZ,122,1217.0
MZ,123,1507.0
MZ,124,1685.0
MZ,125,1653.0
MZ,126,1697.0
MZ,127,1641.0
MZ,128,1568.0
MZ,129,1627.0
MZ,130,1703.0
MZ,131,1829.0
MZ,132,2500.0
MZ,133,2342.0
MZ,134,1677.0
MZ,135,1912.0
MZ,136,2080.0
MZ,137,2548.0
MZ,138,3015.0
MZ,139,3149.0
MZ,140,3860.0
MZ,141,4455.0
MZ,142,6277.0
MZ,143,6919.0
MZ,144,5698.0
MZ,145,5466.0
MZ,146,5336.0
MZ,147,4476.0
MZ,148,1675.0
NL,1,0.0
NL,2,0.0
NL,3,0.0
NL,4,0.0
NL,5,0.0
NL,6,0.0
NL,7,0.0
NL,8,0.0
NL,9,0.0
NL,10,0.0
NL,11,0.0
NL,12,0.0
NL,13,0.0
NL,14,0.0
NL,15,0.0
NL,16,0.0
NL,17,0.0
NL,18,0.0
NL,19,0.0
NL,20,9.0
NL,21,36.0
NL,22,40.0
NL,23,131.0
NL,24,149.0
NL,25,59.0
NL,26,89.0
NL,27,68.0
NL,28,138.0
NL,29,169.0
NL,30,128.0
NL,31,151.0
NL,32,156.0
NL,33,186.0
NL,34,245.0
NL,35,230.0
NL,36,182.0
NL,37,311.0
NL,38,429.0
NL,39,542.0
NL,40,985.0
NL,41,862.0
NL,42,625.0
NL,43,652.0
NL,44,440.0
NL,45,295.0
NL,46,220.0
NL,47,216.0
NL,48,239.0
NL,49,277.0
NL,50,358.0
NL,51,936.0
NL,52,888.0
NL,53,328.0
NL,54,408.0
NL,55,470.0
NL,56,492.0
NL,57,567.0
NL,58,552.0
NL,59,520.0
NL,60,701.0
NL,61,749.0
NL,62,723.0
NL,63,817.0
NL,64,850.0
NL,65,697.0
NL,66,383.0
NL,67,408.0
NL,68,371.0
NL,69,295.0
NL,70,788.0
NL,71,924.0
NL,72,625.0
NL,73,441.0
NL,74,263.0
NL,75,225.0
NL,76,254.0
NL,77,336.0
NL,78,279.0
NL,79,165.0
NL,80,90.0
NL,81,56.0
NL,82,44.0
NL,83,32.0
NL,84,33.0
NL,85,46.0
NL,86,49.0
NL,87,79.0
NL,88,64.0
NL,89,22.0
NL,90,16.0
NL,91,14.0
NL,92,34.0
NL,93,58.0
NL,94,51.0
NL,95,35.0
NL,96,22.0
NL,97,8.0
NL,98,2.0
NL,99,8.0
NL,100,13.0
NL,101,12.0
NL,102,12.0
NL,103,14.0
NL,104,8.0
NL,105,0.0
NL,106,1.0
NL,107,4.0
NL,108,114.0
NL,109,133.0
NL,110,36.0
NL,111,38.0
NL,112,64.0
NL,113,136.0
NL,114,307.0
NL,115,467.0
NL,116,822.0
NL,117,1131.0
NL,118,1435.0
NL,119,1779.0
NL,120,1886.0
NL,121,1922.0
NL,122,2068.0
NL,123,2010.0
NL,124,1837.0
NL,125,1526.0
NL,126,1277.0
NL,127,1325.0
NL,128,1167.0
NL,129,868.0
NL,130,728.0
NL,131,629.0
NL,132,576.0
NL,133,659.0
NL,134,698.0
NL,135,601.0
NL,136,424.0
NL,137,447.0
NL,138,586.0
NL,139,678.0
NL,140,694.0
NL,141,664.0
NL,142,643.0
NL,143,632.0
NL,144,631.0
NL,145,679.0
NL,146,658.0
NL,147,546.0
NL,148,222.0
OR,1,0.0
OR,2,0.0
OR,3,0.0
OR,4,0.0
OR,5,0.0
OR,6,0.0
OR,7,0.0
OR,8,0.0
OR,9,0.0
OR,10,0.0
OR,11,0.0
OR,12,125.0
OR,13,160.0
OR,14,80.0
OR,15,192.0
OR,16,333.0
OR,17,385.0
OR,18,514.0
OR,19,532.0
OR,20,544.0
OR,21,553.0
OR,22,795.0
OR,23,962.0
OR,24,801.0
OR,25,806.0
OR,26,954.0
OR,27,1045.0
OR,28,1601.0
OR,29,1718.0
OR,30,1570.0
OR,31,2251.0
OR,32,3310.0
OR,33,3925.0
OR,34,4274.0
OR,35,4175.0
OR,36,4937.0
OR,37,7312.0
OR,38,9340.0
OR,39,9466.0
OR,40,9843.0
OR,41,10714.0
OR,42,11654.0
OR,43,12933.0
OR,44,16450.0
OR,45,18411.0
OR,46,20480.0
OR,47,22383.0
OR,48,22178.0
OR,49,22301.0
OR,50,24932.0
OR,51,25743.0
OR,52,26347.0
OR,53,26848.0
OR,54,27908.0
OR,55,28345.0
OR,56,25130.0
OR,57,22663.0
OR,58,20791.0
OR,59,19451.0
OR,60,17929.0
OR,61,16166.0
OR,62,14241.0
OR,63,12893.0
OR,64,11050.0
OR,65,10313.0
OR,66,10188.0
OR,67,9813.0
OR,68,8934.0
OR,69,7627.0
OR,70,5799.0
OR,71,5299.0
OR,72,4982.0
OR,73,4386.0
OR,74,3517.0
OR,75,2947.0
OR,76,2641.0
OR,77,2492.0
OR,78,2434.0
OR,79,2428.0
OR,80,2414.0
OR,81,2285.0
OR,82,1983.0
OR,83,1877.0
OR,84,1587.0
OR,85,1461.0
OR,86,1600.0
OR,87,1510.0
OR,88,1167.0
OR,89,1008.0
OR,90,932.0
OR,91,798.0
OR,92,612.0
OR,93,585.0
OR,94,598.0
OR,95,547.0
OR,96,503.0
OR,97,472.0
OR,98,432.0
OR,99,519.0
OR,100,602.0
OR,101,557.0
OR,102,469.0
OR,103,435.0
OR,104,464.0
OR,105,584.0
OR,106,814.0
OR,107,1139.0
OR,108,1612.0
OR,109,2241.0
OR,110,3603.0
OR,111,5755.0
OR,112,10376.0
OR,113,15882.0
OR,114,26055.0
OR,115,35462.0
OR,116,44559.0
OR,117,51503.0
OR,118,59326.0
OR,119,67682.0
OR,120,73911.0
OR,121,74226.0
OR,122,76895.0
OR,123,77244.0
OR,124,79672.0
OR,125,66037.0
OR,126,54849.0
OR,127,57624.0
OR,128,47853.0
OR,129,40234.0
OR,130,31186.0
OR,131,25998.0
OR,132,23331.0
OR,133,22570.0
OR,134,22250.0
OR,135,21347.0
OR,136,19393.0
OR,137,17844.0
OR,138,15353.0
OR,139,14040.0
OR,140,13618.0
OR,141,12942.0
OR,142,11874.0
OR,143,10915.0
OR,144,9083.0
OR,145,7996.0
OR,146,7324.0
OR,147,7109.0
OR,148,3160.0
PB,1,0.0
PB,2,0.0
PB,3,0.0
PB,4,0.0
PB,5,0.0
PB,6,0.0
PB,7,0.0
PB,8,0.0
PB,9,0.0
PB,10,0.0
PB,11,0.0
PB,12,375.0
PB,13,772.0
PB,14,1153.0
PB,15,992.0
PB,16,398.0
PB,17,205.0
PB,18,105.0
PB,19,104.0
PB,20,136.0
PB,21,188.0
PB,22,242.0
PB,23,287.0
PB,24,430.0
PB,25,549.0
PB,26,692.0
PB,27,889.0
PB,28,1132.0
PB,29,1106.0
PB,30,1041.0
PB,31,1053.0
PB,32,1241.0
PB,33,1481.0
PB,34,1893.0
PB,35,2205.0
PB,36,2502.0
PB,37,2892.0
PB,38,3645.0
PB,39,4381.0
PB,40,4936.0
PB,41,5889.0
PB,42,7054.0
PB,43,7114.0
PB,44,9174.0
PB,45,10602.0
PB,46,10030.0
PB,47,10228.0
PB,48,10907.0
PB,49,10687.0
PB,50,12695.0
PB,51,15530.0
PB,52,17520.0
PB,53,18503.0
PB,54,16372.0
PB,55,13236.0
PB,56,10427.0
PB,57,8645.0
PB,58,6994.0
PB,59,6040.0
PB,60,4927.0
PB,61,3838.0
PB,62,3349.0
PB,63,3506.0
PB,64,3175.0
PB,65,3018.0
PB,66,3050.0
PB,67,3300.0
PB,68,3871.0
PB,69,3647.0
PB,70,4211.0
PB,71,5062.0
PB,72,5048.0
PB,73,5146.0
PB,74,4873.0
PB,75,4619.0
PB,76,4620.0
PB,77,4155.0
PB,78,3455.0
PB,79,3127.0
PB,80,2763.0
PB,81,2425.0
PB,82,2099.0
PB,83,1887.0
PB,84,1675.0
PB,85,1726.0
PB,86,1831.0
PB,87,1636.0
PB,88,1400.0
PB,89,1379.0
PB,90,1288.0
PB,91,1359.0
PB,92,1456.0
PB,93,1356.0
PB,94,1392.0
PB,95,1625.0
PB,96,1856.0
PB,97,2049.0
PB,98,2713.0
PB,99,3486.0
PB,100,4491.0
PB,101,5751.0
PB,102,7730.0
PB,103,8915.0
PB,104,11009.0
PB,105,14203.0
PB,106,17227.0
PB,107,18403.0
PB,108,19463.0
PB,109,19590.0
PB,110,20286.0
PB,111,21279.0
PB,112,22485.0
PB,113,25405.0
PB,114,31764.0
PB,115,36972.0
PB,116,43917.0
PB,117,45880.0
PB,118,49323.0
PB,119,55699.0
PB,120,60030.0
PB,121,57066.0
PB,122,50415.0
PB,123,43218.0
PB,124,34281.0
PB,125,28858.0
PB,126,19735.0
PB,127,15166.0
PB,128,11504.0
PB,129,8950.0
PB,130,6354.0
PB,131,4815.0
PB,132,3744.0
PB,133,2826.0
PB,134,2039.0
PB,135,1679.0
PB,136,1364.0
PB,137,1209.0
PB,138,961.0
PB,139,780.0
PB,140,597.0
PB,141,499.0
PB,142,432.0
PB,143,369.0
PB,144,327.0
PB,145,334.0
PB,146,428.0
PB,147,480.0
PB,148,218.0
PY,1,0.0
PY,2,0.0
PY,3,0.0
PY,4,0.0
PY,5,0.0
PY,6,0.0
PY,7,0.0
PY,8,0.0
PY,9,0.0
PY,10,0.0
PY,11,0.0
PY,12,8.0
PY,13,9.0
PY,14,1.0
PY,15,1.0
PY,16,4.0
PY,17,7.0
PY,18,10.0
PY,19,9.0
PY,20,24.0
PY,21,31.0
PY,22,43.0
PY,23,50.0
PY,24,54.0
PY,25,69.0
PY,26,101.0
PY,27,162.0
PY,28,216.0
PY,29,281.0
PY,30,278.0
PY,31,285.0
PY,32,412.0
PY,33,433.0
PY,34,445.0
PY,35,553.0
PY,36,704.0
PY,37,764.0
PY,38,877.0
PY,39,952.0
PY,40,1257.0
PY,41,1518.0
PY,42,1948.0
PY,43,2231.0
PY,44,2371.0
PY,45,2758.0
PY,46,3178.0
PY,47,3444.0
PY,48,3227.0
PY,49,3010.0
PY,50,2927.0
PY,51,2879.0
PY,52,3027.0
PY,53,3011.0
PY,54,3116.0
PY,55,3576.0
PY,56,3317.0
PY,57,2720.0
PY,58,2617.0
PY,59,2489.0
PY,60,2084.0
PY,61,1737.0
PY,62,1377.0
PY,63,1134.0
PY,64,961.0
PY,65,901.0
PY,66,846.0
PY,67,731.0
PY,68,685.0
PY,69,555.0
PY,70,351.0
PY,71,349.0
PY,72,355.0
PY,73,255.0
PY,74,260.0
PY,75,307.0
PY,76,260.0
PY,77,235.0
PY,78,243.0
PY,79,271.0
PY,80,263.0
PY,81,232.0
PY,82,251.0
PY,83,227.0
PY,84,238.0
PY,85,251.0
PY,86,190.0
PY,87,186.0
PY,88,213.0
PY,89,219.0
PY,90,210.0
PY,91,230.0
PY,92,212.0
PY,93,223.0
PY,94,226.0
PY,95,170.0
PY,96,134.0
PY,97,129.0
PY,98,150.0
PY,99,148.0
PY,100,121.0
PY,101,126.0
PY,102,155.0
PY,103,172.0
PY,104,188.0
PY,105,307.0
PY,106,525.0
PY,107,642.0
PY,108,823.0
PY,109,1168.0
PY,110,1481.0
PY,111,1605.0
PY,112,2500.0
PY,113,3371.0
PY,114,4144.0
PY,115,5163.0
PY,116,6712.0
PY,117,7730.0
PY,118,8812.0
PY,119,10075.0
PY,120,11914.0
PY,121,12469.0
PY,122,12477.0
PY,123,12067.0
PY,124,10032.0
PY,125,8284.0
PY,126,6759.0
PY,127,5543.0
PY,128,4449.0
PY,129,3687.0
PY,130,2874.0
PY,131,2470.0
PY,132,2005.0
PY,133,1818.0
PY,134,1622.0
PY,135,1373.0
PY,136,1167.0
PY,137,1044.0
PY,138,886.0
PY,139,772.0
PY,140,633.0
PY,141,624.0
PY,142,692.0
PY,143,688.0
PY,144,625.0
PY,145,608.0
PY,146,628.0
PY,147,680.0
PY,148,323.0
RJ,1,0.0
RJ,2,0.0
RJ,3,0.0
RJ,4,0.0
RJ,5,0.0
RJ,6,0.0
RJ,7,0.0
RJ,8,0.0
RJ,9,0.0
RJ,10,0.0
RJ,11,0.0
RJ,12,2375.0
RJ,13,2707.0
RJ,14,847.0
RJ,15,894.0
RJ,16,995.0
RJ,17,1240.0
RJ,18,1677.0
RJ,19,1778.0
RJ,20,1796.0
RJ,21,1871.0
RJ,22,1830.0
RJ,23,1706.0
RJ,24,1917.0
RJ,25,2032.0
RJ,26,1923.0
RJ,27,2119.0
RJ,28,2447.0
RJ,29,2379.0
RJ,30,2268.0
RJ,31,2559.0
RJ,32,3718.0
RJ,33,4188.0
RJ,34,4360.0
RJ,35,4739.0
RJ,36,5877.0
RJ,37,6782.0
RJ,38,7443.0
RJ,39,7939.0
RJ,40,8041.0
RJ,41,8058.0
RJ,42,8249.0
RJ,43,8651.0
RJ,44,9189.0
RJ,45,9285.0
RJ,46,9381.0
RJ,47,9513.0
RJ,48,10004.0
RJ,49,10586.0
RJ,50,11062.0
RJ,51,11342.0
RJ,52,11944.0
RJ,53,12419.0
RJ,54,13059.0
RJ,55,13651.0
RJ,56,14553.0
RJ,57,15071.0
RJ,58,15175.0
RJ,59,15062.0
RJ,60,14773.0
RJ,61,14373.0
RJ,62,13693.0
RJ,63,13141.0
RJ,64,12696.0
RJ,65,12571.0
RJ,66,12361.0
RJ,67,12445.0
RJ,68,13161.0
RJ,69,14195.0
RJ,70,15207.0
RJ,71,17043.0
RJ,72,21409.0
RJ,73,22129.0
RJ,74,18633.0
RJ,75,15691.0
RJ,76,13227.0
RJ,77,11503.0
RJ,78,9204.0
RJ,79,8019.0
RJ,80,6877.0
RJ,81,6499.0
RJ,82,5846.0
RJ,83,4802.0
RJ,84,3557.0
RJ,85,3202.0
RJ,86,2980.0
RJ,87,2399.0
RJ,88,1725.0
RJ,89,1565.0
RJ,90,1288.0
RJ,91,911.0
RJ,92,662.0
RJ,93,722.0
RJ,94,725.0
RJ,95,702.0
RJ,96,675.0
RJ,97,641.0
RJ,98,635.0
RJ,99,719.0
RJ,100,971.0
RJ,101,1176.0
RJ,102,1306.0
RJ,103,1363.0
RJ,104,1696.0
RJ,105,2229.0
RJ,106,3401.0
RJ,107,4647.0
RJ,108,5974.0
RJ,109,8001.0
RJ,110,13642.0
RJ,111,21092.0
RJ,112,34501.0
RJ,113,45667.0
RJ,114,72115.0
RJ,115,94273.0
RJ,116,110170.0
RJ,117,117025.0
RJ,118,121459.0
RJ,119,123133.0
RJ,120,120622.0
RJ,121,110593.0
RJ,122,83855.0
RJ,123,60142.0
RJ,124,38233.0
RJ,125,26641.0
RJ,126,14490.0
RJ,127,9280.0
RJ,128,5788.0
RJ,129,3934.0
RJ,130,2389.0
RJ,131,1585.0
RJ,132,1135.0
RJ,133,1006.0
RJ,134,874.0
RJ,135,696.0
RJ,136,465.0
RJ,137,411.0
RJ,138,337.0
RJ,139,260.0
RJ,140,213.0
RJ,141,188.0
RJ,142,168.0
RJ,143,145.0
RJ,144,128.0
RJ,145,145.0
RJ,146,137.0
RJ,147,113.0
RJ,148,55.0
TN,1,0.0
TN,2,0.0
TN,3,0.0
TN,4,0.0
TN,5,0.0
TN,6,0.0
TN,7,0.0
TN,8,0.0
TN,9,0.0
TN,10,0.0
TN,11,0.0
TN,12,2162.0
TN,13,2757.0
TN,14,2667.0
TN,15,3778.0
TN,16,4389.0
TN,17,4057.0
TN,18,3936.0
TN,19,4861.0
TN,20,5271.0
TN,21,5513.0
TN,22,7149.0
TN,23,8874.0
TN,24,10889.0
TN,25,12428.0
TN,26,13322.0
TN,27,14078.0
TN,28,17203.0
TN,29,21441.0
TN,30,26426.0
TN,31,28546.0
TN,32,28187.0
TN,33,27038.0
TN,34,29293.0
TN,35,31351.0
TN,36,34522.0
TN,37,40880.0
TN,38,47475.0
TN,39,44849.0
TN,40,39206.0
TN,41,39056.0
TN,42,40971.0
TN,43,41111.0
TN,44,40875.0
TN,45,41265.0
TN,46,41756.0
TN,47,42112.0
TN,48,42620.0
TN,49,42045.0
TN,50,40539.0
TN,51,39355.0
TN,52,39309.0
TN,53,39371.0
TN,54,38115.0
TN,55,38520.0
TN,56,39581.0
TN,57,39472.0
TN,58,38228.0
TN,59,36841.0
TN,60,34529.0
TN,61,32115.0
TN,62,26724.0
TN,63,22650.0
TN,64,19635.0
TN,65,18386.0
TN,66,17678.0
TN,67,16966.0
TN,68,15980.0
TN,69,14884.0
TN,70,12866.0
TN,71,11959.0
TN,72,11420.0
TN,73,10699.0
TN,74,10034.0
TN,75,9867.0
TN,76,9265.0
TN,77,8764.0
TN,78,8315.0
TN,79,8079.0
TN,80,7732.0
TN,81,7383.0
TN,82,6997.0
TN,83,6686.0
TN,84,6108.0
TN,85,5690.0
TN,86,5094.0
TN,87,4634.0
TN,88,4125.0
TN,89,3987.0
TN,90,3900.0
TN,91,3663.0
TN,92,3553.0
TN,93,3493.0
TN,94,3341.0
TN,95,3321.0
TN,96,3268.0
TN,97,3198.0
TN,98,3173.0
TN,99,3236.0
TN,100,3335.0
TN,101,3489.0
TN,102,3977.0
TN,103,4438.0
TN,104,5451.0
TN,105,6720.0
TN,106,9058.0
TN,107,11578.0
TN,108,15220.0
TN,109,18935.0
TN,110,24428.0
TN,111,30579.0
TN,112,43820.0
TN,113,53894.0
TN,114,70100.0
TN,115,85594.0
TN,116,105103.0
TN,117,120011.0
TN,118,142431.0
TN,119,165012.0
TN,120,196260.0
TN,121,213673.0
TN,122,230361.0
TN,123,241826.0
TN,124,246035.0
TN,125,232855.0
TN,126,203086.0
TN,127,177096.0
TN,128,143679.0
TN,129,122893.0
TN,130,96720.0
TN,131,74974.0
TN,132,54669.0
TN,133,46153.0
TN,134,56533.0
TN,135,51873.0
TN,136,27237.0
TN,137,23703.0
TN,138,19615.0
TN,139,17313.0
TN,140,14760.0
TN,141,13358.0
TN,142,12635.0
TN,143,12907.0
TN,144,13591.0
TN,145,13748.0
TN,146,13691.0
TN,147,13532.0
TN,148,5790.0
TR,1,0.0
TR,2,0.0
TR,3,0.0
TR,4,0.0
TR,5,0.0
TR,6,0.0
TR,7,0.0
TR,8,0.0
TR,9,0.0
TR,10,0.0
TR,11,0.0
TR,12,2.0
TR,13,5.0
TR,14,63.0
TR,15,131.0
TR,16,90.0
TR,17,31.0
TR,18,16.0
TR,19,26.0
TR,20,63.0
TR,21,80.0
TR,22,391.0
TR,23,479.0
TR,24,275.0
TR,25,297.0
TR,26,237.0
TR,27,144.0
TR,28,130.0
TR,29,150.0
TR,30,140.0
TR,31,221.0
TR,32,372.0
TR,33,404.0
TR,34,508.0
TR,35,706.0
TR,36,1190.0
TR,37,1214.0
TR,38,1032.0
TR,39,1366.0
TR,40,1139.0
TR,41,766.0
TR,42,855.0
TR,43,935.0
TR,44,1163.0
TR,45,1437.0
TR,46,1879.0
TR,47,2490.0
TR,48,3180.0
TR,49,3648.0
TR,50,4017.0
TR,51,3776.0
TR,52,3433.0
TR,53,3204.0
TR,54,3166.0
TR,55,2901.0
TR,56,2396.0
TR,57,2144.0
TR,58,1811.0
TR,59,1601.0
TR,60,1314.0
TR,61,1174.0
TR,62,941.0
TR,63,808.0
TR,64,653.0
TR,65,582.0
TR,66,652.0
TR,67,717.0
TR,68,601.0
TR,69,485.0
TR,70,406.0
TR,71,448.0
TR,72,416.0
TR,73,274.0
TR,74,236.0
TR,75,219.0
TR,76,181.0
TR,77,155.0
TR,78,136.0
TR,79,130.0
TR,80,122.0
TR,81,81.0
TR,82,55.0
TR,83,50.0
TR,84,28.0
TR,85,23.0
TR,86,30.0
TR,87,31.0
TR,88,21.0
TR,89,16.0
TR,90,11.0
TR,91,6.0
TR,92,5.0
TR,93,2.0
TR,94,2.0
TR,95,1.0
TR,96,2.0
TR,97,39.0
TR,98,45.0
TR,99,15.0
TR,100,20.0
TR,101,17.0
TR,102,4.0
TR,103,3.0
TR,104,17.0
TR,105,32.0
TR,106,38.0
TR,107,31.0
TR,108,14.0
TR,109,33.0
TR,110,82.0
TR,111,162.0
TR,112,269.0
TR,113,248.0
TR,114,250.0
TR,115,496.0
TR,116,768.0
TR,117,913.0
TR,118,1372.0
TR,119,1866.0
TR,120,2340.0
TR,121,2847.0
TR,122,4202.0
TR,123,5168.0
TR,124,5189.0
TR,125,4662.0
TR,126,4580.0
TR,127,4695.0
TR,128,4249.0
TR,129,3941.0
TR,130,3591.0
TR,131,3261.0
TR,132,2755.0
TR,133,2377.0
TR,134,2630.0
TR,135,2864.0
TR,136,2842.0
TR,137,2938.0
TR,138,3261.0
TR,139,3329.0
TR,140,2973.0
TR,141,2617.0
TR,142,2566.0
TR,143,2454.0
TR,144,1876.0
TR,145,1587.0
TR,146,1372.0
TR,147,1169.0
TR,148,457.0
UP,1,0.0
UP,2,0.0
UP,3,0.0
UP,4,0.0
UP,5,0.0
UP,6,0.0
UP,7,0.0
UP,8,0.0
UP,9,0.0
UP,10,0.0
UP,11,0.0
UP,12,2134.0
UP,13,2487.0
UP,14,870.0
UP,15,905.0
UP,16,796.0
UP,17,927.0
UP,18,1440.0
UP,19,1771.0
UP,20,1826.0
UP,21,1689.0
UP,22,1887.0
UP,23,2412.0
UP,24,2745.0
UP,25,3023.0
UP,26,3584.0
UP,27,4032.0
UP,28,4392.0
UP,29,4423.0
UP,30,4506.0
UP,31,5016.0
UP,32,7108.0
UP,33,8546.0
UP,34,10235.0
UP,35,11950.0
UP,36,14213.0
UP,37,16719.0
UP,38,21801.0
UP,39,25361.0
UP,40,27066.0
UP,41,28993.0
UP,42,31866.0
UP,43,32038.0
UP,44,31275.0
UP,45,32500.0
UP,46,35635.0
UP,47,37016.0
UP,48,38411.0
UP,49,40314.0
UP,50,43608.0
UP,51,46092.0
UP,52,45271.0
UP,53,42732.0
UP,54,39458.0
UP,55,34339.0
UP,56,29405.0
UP,57,27792.0
UP,58,25283.0
UP,59,23157.0
UP,60,20462.0
UP,61,18996.0
UP,62,16824.0
UP,63,15641.0
UP,64,14581.0
UP,65,13714.0
UP,66,13760.0
UP,67,13794.0
UP,68,13702.0
UP,69,14511.0
UP,70,13482.0
UP,71,14345.0
UP,72,16742.0
UP,73,15712.0
UP,74,14019.0
UP,75,13203.0
UP,76,12269.0
UP,77,11164.0
UP,78,9845.0
UP,79,9333.0
UP,80,8543.0
UP,81,7878.0
UP,82,7378.0
UP,83,6410.0
UP,84,5421.0
UP,85,5762.0
UP,86,4615.0
UP,87,3263.0
UP,88,3022.0
UP,89,2508.0
UP,90,1955.0
UP,91,1676.0
UP,92,1484.0
UP,93,1247.0
UP,94,931.0
UP,95,882.0
UP,96,752.0
UP,97,627.0
UP,98,703.0
UP,99,741.0
UP,100,705.0
UP,101,745.0
UP,102,872.0
UP,103,809.0
UP,104,1289.0
UP,105,2117.0
UP,106,3542.0
UP,107,5314.0
UP,108,7834.0
UP,109,13687.0
UP,110,28773.0
UP,111,50816.0
UP,112,98091.0
UP,113,144315.0
UP,114,198490.0
UP,115,230367.0
UP,116,240444.0
UP,117,231190.0
UP,118,216515.0
UP,119,197880.0
UP,120,163941.0
UP,121,128890.0
UP,122,81700.0
UP,123,56088.0
UP,124,36131.0
UP,125,23399.0
UP,126,13705.0
UP,127,9530.0
UP,128,6831.0
UP,129,5098.0
UP,130,3089.0
UP,131,2318.0
UP,132,2035.0
UP,133,1709.0
UP,134,1376.0
UP,135,1151.0
UP,136,855.0
UP,137,776.0
UP,138,684.0
UP,139,612.0
UP,140,470.0
UP,141,377.0
UP,142,381.0
UP,143,366.0
UP,144,323.0
UP,145,303.0
UP,146,243.0
UP,147,240.0
UP,148,114.0
UT,1,0.0
UT,2,0.0
UT,3,0.0
UT,4,0.0
UT,5,0.0
UT,6,0.0
UT,7,0.0
UT,8,0.0
UT,9,0.0
UT,10,0.0
UT,11,0.0
UT,12,55.0
UT,13,59.0
UT,14,6.0
UT,15,9.0
UT,16,12.0
UT,17,24.0
UT,18,54.0
UT,19,158.0
UT,20,348.0
UT,21,505.0
UT,22,616.0
UT,23,554.0
UT,24,477.0
UT,25,482.0
UT,26,461.0
UT,27,516.0
UT,28,600.0
UT,29,490.0
UT,30,324.0
UT,31,302.0
UT,32,312.0
UT,33,325.0
UT,34,527.0
UT,35,859.0
UT,36,1515.0
UT,37,1685.0
UT,38,1566.0
UT,39,1486.0
UT,40,1388.0
UT,41,1955.0
UT,42,2632.0
UT,43,2538.0
UT,44,2367.0
UT,45,2654.0
UT,46,3331.0
UT,47,4012.0
UT,48,4685.0
UT,49,5390.0
UT,50,5977.0
UT,51,6375.0
UT,52,8736.0
UT,53,9749.0
UT,54,7773.0
UT,55,6196.0
UT,56,5280.0
UT,57,3830.0
UT,58,4008.0
UT,59,4463.0
UT,60,3111.0
UT,61,3123.0
UT,62,3036.0
UT,63,2507.0
UT,64,2155.0
UT,65,2173.0
UT,66,2324.0
UT,67,2708.0
UT,68,3203.0
UT,69,2966.0
UT,70,2519.0
UT,71,2788.0
UT,72,3335.0
UT,73,3161.0
UT,74,3142.0
UT,75,3622.0
UT,76,3872.0
UT,77,4366.0
UT,78,4413.0
UT,79,3914.0
UT,80,3871.0
UT,81,3365.0
UT,82,2676.0
UT,83,2326.0
UT,84,1977.0
UT,85,1854.0
UT,86,1577.0
UT,87,1293.0
UT,88,1022.0
UT,89,895.0
UT,90,634.0
UT,91,482.0
UT,92,455.0
UT,93,410.0
UT,94,344.0
UT,95,288.0
UT,96,339.0
UT,97,265.0
UT,98,230.0
UT,99,314.0
UT,100,336.0
UT,101,414.0
UT,102,431.0
UT,103,391.0
UT,104,476.0
UT,105,557.0
UT,106,839.0
UT,107,1204.0
UT,108,1531.0
UT,109,2199.0
UT,110,4300.0
UT,111,5765.0
UT,112,9313.0
UT,113,13924.0
UT,114,19988.0
UT,115,26030.0
UT,116,34604.0
UT,117,38581.0
UT,118,43218.0
UT,119,52369.0
UT,120,52849.0
UT,121,44856.0
UT,122,35931.0
UT,123,27562.0
UT,124,21055.0
UT,125,16643.0
UT,126,10141.0
UT,127,6466.0
UT,128,4000.0
UT,129,3038.0
UT,130,2324.0
UT,131,1892.0
UT,132,1325.0
UT,133,1029.0
UT,134,1128.0
UT,135,1109.0
UT,136,704.0
UT,137,491.0
UT,138,348.0
UT,139,296.0
UT,140,266.0
UT,141,240.0
UT,142,361.0
UT,143,466.0
UT,144,349.0
UT,145,235.0
UT,146,219.0
UT,147,198.0
UT,148,70.0
WB,1,0.0
WB,2,0.0
WB,3,0.0
WB,4,0.0
WB,5,0.0
WB,6,0.0
WB,7,0.0
WB,8,0.0
WB,9,0.0
WB,10,0.0
WB,11,0.0
WB,12,388.0
WB,13,388.0
WB,14,1059.0
WB,15,1385.0
WB,16,829.0
WB,17,786.0
WB,18,804.0
WB,19,864.0
WB,20,1054.0
WB,21,1652.0
WB,22,2316.0
WB,23,2605.0
WB,24,2818.0
WB,25,2958.0
WB,26,2972.0
WB,27,2833.0
WB,28,2873.0
WB,29,3180.0
WB,30,3997.0
WB,31,4520.0
WB,32,5653.0
WB,33,7222.0
WB,34,9604.0
WB,35,11756.0
WB,36,14894.0
WB,37,16168.0
WB,38,15937.0
WB,39,16400.0
WB,40,18542.0
WB,41,19838.0
WB,42,20526.0
WB,43,20817.0
WB,44,21596.0
WB,45,22164.0
WB,46,21853.0
WB,47,21170.0
WB,48,20922.0
WB,49,20935.0
WB,50,21366.0
WB,51,21792.0
WB,52,22320.0
WB,53,22467.0
WB,54,22290.0
WB,55,22280.0
WB,56,22376.0
WB,57,22734.0
WB,58,23455.0
WB,59,24220.0
WB,60,25193.0
WB,61,25859.0
WB,62,27429.0
WB,63,28521.0
WB,64,28577.0
WB,65,28090.0
WB,66,27873.0
WB,67,27730.0
WB,68,27408.0
WB,69,27104.0
WB,70,24901.0
WB,71,24272.0
WB,72,25106.0
WB,73,24676.0
WB,74,23079.0
WB,75,22251.0
WB,76,20881.0
WB,77,19518.0
WB,78,17260.0
WB,79,15635.0
WB,80,13413.0
WB,81,11158.0
WB,82,9269.0
WB,83,8071.0
WB,84,6359.0
WB,85,5807.0
WB,86,5543.0
WB,87,4821.0
WB,88,3687.0
WB,89,3007.0
WB,90,2402.0
WB,91,2055.0
WB,92,1697.0
WB,93,1409.0
WB,94,1234.0
WB,95,1227.0
WB,96,1197.0
WB,97,1175.0
WB,98,1289.0
WB,99,1346.0
WB,100,1411.0
WB,101,1509.0
WB,102,1555.0
WB,103,1629.0
WB,104,1889.0
WB,105,2145.0
WB,106,2709.0
WB,107,3630.0
WB,108,5050.0
WB,109,7819.0
WB,110,13109.0
WB,111,18840.0
WB,112,30092.0
WB,113,41010.0
WB,114,58840.0
WB,115,76553.0
WB,116,104596.0
WB,117,117817.0
WB,118,123083.0
WB,119,127840.0
WB,120,136482.0
WB,121,140595.0
WB,122,137750.0
WB,123,134355.0
WB,124,127336.0
WB,125,106288.0
WB,126,76521.0
WB,127,64174.0
WB,128,48106.0
WB,129,38143.0
WB,130,28401.0
WB,131,22250.0
WB,132,16132.0
WB,133,13590.0
WB,134,12420.0
WB,135,10984.0
WB,136,8440.0
WB,137,7108.0
WB,138,6485.0
WB,139,6175.0
WB,140,5760.0
WB,141,5453.0
WB,142,5305.0
WB,143,5186.0
WB,144,5077.0
WB,145,5109.0
WB,146,4849.0
WB,147,4762.0
WB,148,2191.0
